ISO-10303-21;
HEADER;
/* Generated by software containing ST-Developer
 * from STEP Tools, Inc. (www.steptools.com) 
 */

FILE_DESCRIPTION(
/* description */ (''),
/* implementation_level */ '2;1');

FILE_NAME(
/* name */ 'Base_E_Step.stp',
/* time_stamp */ '2026-06-13T12:45:01+07:00',
/* author */ ('MSI'),
/* organization */ (''),
/* preprocessor_version */ 'ST-DEVELOPER v20',
/* originating_system */ 'Autodesk Inventor 2025',
/* authorisation */ '');

FILE_SCHEMA (('AUTOMOTIVE_DESIGN { 1 0 10303 214 3 1 1 }'));
ENDSEC;

DATA;
#10=MECHANICAL_DESIGN_GEOMETRIC_PRESENTATION_REPRESENTATION('',(#16),#3497);
#11=GEOMETRICALLY_BOUNDED_WIREFRAME_SHAPE_REPRESENTATION('',(#12),#3496);
#12=GEOMETRIC_CURVE_SET('Sketch3',(#3493));
#13=SHAPE_REPRESENTATION_RELATIONSHIP('SRR','None',#3504,#15);
#14=SHAPE_REPRESENTATION_RELATIONSHIP('SRR','None',#3504,#11);
#15=ADVANCED_BREP_SHAPE_REPRESENTATION('',(#17),#3496);
#16=STYLED_ITEM('',(#3513),#17);
#17=MANIFOLD_SOLID_BREP('Solid1',#2047);
#18=FACE_BOUND('',#299,.T.);
#19=FACE_BOUND('',#304,.T.);
#20=FACE_BOUND('',#309,.T.);
#21=FACE_BOUND('',#313,.T.);
#22=FACE_BOUND('',#314,.T.);
#23=FACE_BOUND('',#315,.T.);
#24=FACE_BOUND('',#316,.T.);
#25=FACE_BOUND('',#317,.T.);
#26=FACE_BOUND('',#318,.T.);
#27=FACE_BOUND('',#319,.T.);
#28=FACE_BOUND('',#323,.T.);
#29=FACE_BOUND('',#324,.T.);
#30=FACE_BOUND('',#325,.T.);
#31=FACE_BOUND('',#326,.T.);
#32=FACE_BOUND('',#327,.T.);
#33=FACE_BOUND('',#328,.T.);
#34=FACE_BOUND('',#329,.T.);
#35=FACE_BOUND('',#341,.T.);
#36=FACE_BOUND('',#346,.T.);
#37=FACE_BOUND('',#353,.T.);
#38=FACE_BOUND('',#357,.T.);
#39=ELLIPSE('',#2078,2.82842712474619,2.);
#40=ELLIPSE('',#2082,2.82842712474619,2.);
#41=ELLIPSE('',#2092,2.82842712474619,2.);
#42=ELLIPSE('',#2096,2.8284271247462,2.);
#43=ELLIPSE('',#2106,2.82842712474619,2.);
#44=ELLIPSE('',#2110,2.8284271247462,2.);
#45=CYLINDRICAL_SURFACE('',#2077,2.);
#46=CYLINDRICAL_SURFACE('',#2081,2.);
#47=CYLINDRICAL_SURFACE('',#2091,2.);
#48=CYLINDRICAL_SURFACE('',#2095,2.);
#49=CYLINDRICAL_SURFACE('',#2105,2.);
#50=CYLINDRICAL_SURFACE('',#2109,2.);
#51=CYLINDRICAL_SURFACE('',#2160,2.00000000000001);
#52=CYLINDRICAL_SURFACE('',#2164,1.99999999999998);
#53=CYLINDRICAL_SURFACE('',#2167,1.99999999999996);
#54=CYLINDRICAL_SURFACE('',#2171,2.00000000000001);
#55=CYLINDRICAL_SURFACE('',#2174,2.00000000000001);
#56=CYLINDRICAL_SURFACE('',#2178,2.);
#57=CYLINDRICAL_SURFACE('',#2193,21.);
#58=CYLINDRICAL_SURFACE('',#2222,1.99999999999997);
#59=CYLINDRICAL_SURFACE('',#2224,2.00000000000002);
#60=CYLINDRICAL_SURFACE('',#2237,1.99999999999996);
#61=CYLINDRICAL_SURFACE('',#2241,2.05);
#62=CYLINDRICAL_SURFACE('',#2242,2.05);
#63=CYLINDRICAL_SURFACE('',#2243,2.05);
#64=CYLINDRICAL_SURFACE('',#2265,2.00000000000001);
#65=CYLINDRICAL_SURFACE('',#2276,2.00000000000001);
#66=CYLINDRICAL_SURFACE('',#2277,2.00000000000001);
#67=CYLINDRICAL_SURFACE('',#2279,5.);
#68=CYLINDRICAL_SURFACE('',#2280,1.6);
#69=CYLINDRICAL_SURFACE('',#2281,1.6);
#70=CYLINDRICAL_SURFACE('',#2282,1.6);
#71=CYLINDRICAL_SURFACE('',#2283,2.1);
#72=CYLINDRICAL_SURFACE('',#2284,2.1);
#73=CYLINDRICAL_SURFACE('',#2285,2.1);
#74=PLANE('',#2073);
#75=PLANE('',#2080);
#76=PLANE('',#2087);
#77=PLANE('',#2094);
#78=PLANE('',#2101);
#79=PLANE('',#2108);
#80=PLANE('',#2112);
#81=PLANE('',#2116);
#82=PLANE('',#2120);
#83=PLANE('',#2124);
#84=PLANE('',#2128);
#85=PLANE('',#2132);
#86=PLANE('',#2136);
#87=PLANE('',#2140);
#88=PLANE('',#2144);
#89=PLANE('',#2148);
#90=PLANE('',#2152);
#91=PLANE('',#2156);
#92=PLANE('',#2162);
#93=PLANE('',#2166);
#94=PLANE('',#2169);
#95=PLANE('',#2173);
#96=PLANE('',#2176);
#97=PLANE('',#2180);
#98=PLANE('',#2181);
#99=PLANE('',#2196);
#100=PLANE('',#2204);
#101=PLANE('',#2207);
#102=PLANE('',#2210);
#103=PLANE('',#2211);
#104=PLANE('',#2215);
#105=PLANE('',#2219);
#106=PLANE('',#2220);
#107=PLANE('',#2223);
#108=PLANE('',#2225);
#109=PLANE('',#2227);
#110=PLANE('',#2230);
#111=PLANE('',#2234);
#112=PLANE('',#2235);
#113=PLANE('',#2240);
#114=PLANE('',#2244);
#115=PLANE('',#2245);
#116=PLANE('',#2247);
#117=PLANE('',#2249);
#118=PLANE('',#2253);
#119=PLANE('',#2254);
#120=PLANE('',#2255);
#121=PLANE('',#2256);
#122=PLANE('',#2259);
#123=PLANE('',#2262);
#124=PLANE('',#2266);
#125=PLANE('',#2267);
#126=PLANE('',#2268);
#127=PLANE('',#2270);
#128=PLANE('',#2272);
#129=PLANE('',#2275);
#130=PLANE('',#2278);
#131=FACE_OUTER_BOUND('',#255,.T.);
#132=FACE_OUTER_BOUND('',#256,.T.);
#133=FACE_OUTER_BOUND('',#257,.T.);
#134=FACE_OUTER_BOUND('',#258,.T.);
#135=FACE_OUTER_BOUND('',#259,.T.);
#136=FACE_OUTER_BOUND('',#260,.T.);
#137=FACE_OUTER_BOUND('',#261,.T.);
#138=FACE_OUTER_BOUND('',#262,.T.);
#139=FACE_OUTER_BOUND('',#263,.T.);
#140=FACE_OUTER_BOUND('',#264,.T.);
#141=FACE_OUTER_BOUND('',#265,.T.);
#142=FACE_OUTER_BOUND('',#266,.T.);
#143=FACE_OUTER_BOUND('',#267,.T.);
#144=FACE_OUTER_BOUND('',#268,.T.);
#145=FACE_OUTER_BOUND('',#269,.T.);
#146=FACE_OUTER_BOUND('',#270,.T.);
#147=FACE_OUTER_BOUND('',#271,.T.);
#148=FACE_OUTER_BOUND('',#272,.T.);
#149=FACE_OUTER_BOUND('',#273,.T.);
#150=FACE_OUTER_BOUND('',#274,.T.);
#151=FACE_OUTER_BOUND('',#275,.T.);
#152=FACE_OUTER_BOUND('',#276,.T.);
#153=FACE_OUTER_BOUND('',#277,.T.);
#154=FACE_OUTER_BOUND('',#278,.T.);
#155=FACE_OUTER_BOUND('',#279,.T.);
#156=FACE_OUTER_BOUND('',#280,.T.);
#157=FACE_OUTER_BOUND('',#281,.T.);
#158=FACE_OUTER_BOUND('',#282,.T.);
#159=FACE_OUTER_BOUND('',#283,.T.);
#160=FACE_OUTER_BOUND('',#284,.T.);
#161=FACE_OUTER_BOUND('',#285,.T.);
#162=FACE_OUTER_BOUND('',#286,.T.);
#163=FACE_OUTER_BOUND('',#287,.T.);
#164=FACE_OUTER_BOUND('',#288,.T.);
#165=FACE_OUTER_BOUND('',#289,.T.);
#166=FACE_OUTER_BOUND('',#290,.T.);
#167=FACE_OUTER_BOUND('',#291,.T.);
#168=FACE_OUTER_BOUND('',#292,.T.);
#169=FACE_OUTER_BOUND('',#293,.T.);
#170=FACE_OUTER_BOUND('',#294,.T.);
#171=FACE_OUTER_BOUND('',#295,.T.);
#172=FACE_OUTER_BOUND('',#296,.T.);
#173=FACE_OUTER_BOUND('',#297,.T.);
#174=FACE_OUTER_BOUND('',#298,.T.);
#175=FACE_OUTER_BOUND('',#300,.T.);
#176=FACE_OUTER_BOUND('',#301,.T.);
#177=FACE_OUTER_BOUND('',#302,.T.);
#178=FACE_OUTER_BOUND('',#303,.T.);
#179=FACE_OUTER_BOUND('',#305,.T.);
#180=FACE_OUTER_BOUND('',#306,.T.);
#181=FACE_OUTER_BOUND('',#307,.T.);
#182=FACE_OUTER_BOUND('',#308,.T.);
#183=FACE_OUTER_BOUND('',#310,.T.);
#184=FACE_OUTER_BOUND('',#311,.T.);
#185=FACE_OUTER_BOUND('',#312,.T.);
#186=FACE_OUTER_BOUND('',#320,.T.);
#187=FACE_OUTER_BOUND('',#321,.T.);
#188=FACE_OUTER_BOUND('',#322,.T.);
#189=FACE_OUTER_BOUND('',#330,.T.);
#190=FACE_OUTER_BOUND('',#331,.T.);
#191=FACE_OUTER_BOUND('',#332,.T.);
#192=FACE_OUTER_BOUND('',#333,.T.);
#193=FACE_OUTER_BOUND('',#334,.T.);
#194=FACE_OUTER_BOUND('',#335,.T.);
#195=FACE_OUTER_BOUND('',#336,.T.);
#196=FACE_OUTER_BOUND('',#337,.T.);
#197=FACE_OUTER_BOUND('',#338,.T.);
#198=FACE_OUTER_BOUND('',#339,.T.);
#199=FACE_OUTER_BOUND('',#340,.T.);
#200=FACE_OUTER_BOUND('',#342,.T.);
#201=FACE_OUTER_BOUND('',#343,.T.);
#202=FACE_OUTER_BOUND('',#344,.T.);
#203=FACE_OUTER_BOUND('',#345,.T.);
#204=FACE_OUTER_BOUND('',#347,.T.);
#205=FACE_OUTER_BOUND('',#348,.T.);
#206=FACE_OUTER_BOUND('',#349,.T.);
#207=FACE_OUTER_BOUND('',#350,.T.);
#208=FACE_OUTER_BOUND('',#351,.T.);
#209=FACE_OUTER_BOUND('',#352,.T.);
#210=FACE_OUTER_BOUND('',#354,.T.);
#211=FACE_OUTER_BOUND('',#355,.T.);
#212=FACE_OUTER_BOUND('',#356,.T.);
#213=FACE_OUTER_BOUND('',#358,.T.);
#214=FACE_OUTER_BOUND('',#359,.T.);
#215=FACE_OUTER_BOUND('',#360,.T.);
#216=FACE_OUTER_BOUND('',#361,.T.);
#217=FACE_OUTER_BOUND('',#362,.T.);
#218=FACE_OUTER_BOUND('',#363,.T.);
#219=FACE_OUTER_BOUND('',#364,.T.);
#220=FACE_OUTER_BOUND('',#365,.T.);
#221=FACE_OUTER_BOUND('',#366,.T.);
#222=FACE_OUTER_BOUND('',#367,.T.);
#223=FACE_OUTER_BOUND('',#368,.T.);
#224=FACE_OUTER_BOUND('',#369,.T.);
#225=FACE_OUTER_BOUND('',#370,.T.);
#226=FACE_OUTER_BOUND('',#371,.T.);
#227=FACE_OUTER_BOUND('',#372,.T.);
#228=FACE_OUTER_BOUND('',#373,.T.);
#229=FACE_OUTER_BOUND('',#374,.T.);
#230=FACE_OUTER_BOUND('',#375,.T.);
#231=FACE_OUTER_BOUND('',#376,.T.);
#232=FACE_OUTER_BOUND('',#377,.T.);
#233=FACE_OUTER_BOUND('',#378,.T.);
#234=FACE_OUTER_BOUND('',#379,.T.);
#235=FACE_OUTER_BOUND('',#380,.T.);
#236=FACE_OUTER_BOUND('',#381,.T.);
#237=FACE_OUTER_BOUND('',#382,.T.);
#238=FACE_OUTER_BOUND('',#383,.T.);
#239=FACE_OUTER_BOUND('',#384,.T.);
#240=FACE_OUTER_BOUND('',#385,.T.);
#241=FACE_OUTER_BOUND('',#386,.T.);
#242=FACE_OUTER_BOUND('',#387,.T.);
#243=FACE_OUTER_BOUND('',#388,.T.);
#244=FACE_OUTER_BOUND('',#389,.T.);
#245=FACE_OUTER_BOUND('',#390,.T.);
#246=FACE_OUTER_BOUND('',#391,.T.);
#247=FACE_OUTER_BOUND('',#392,.T.);
#248=FACE_OUTER_BOUND('',#393,.T.);
#249=FACE_OUTER_BOUND('',#394,.T.);
#250=FACE_OUTER_BOUND('',#395,.T.);
#251=FACE_OUTER_BOUND('',#396,.T.);
#252=FACE_OUTER_BOUND('',#397,.T.);
#253=FACE_OUTER_BOUND('',#398,.T.);
#254=FACE_OUTER_BOUND('',#399,.T.);
#255=EDGE_LOOP('',(#1315,#1316,#1317,#1318));
#256=EDGE_LOOP('',(#1319,#1320,#1321,#1322));
#257=EDGE_LOOP('',(#1323,#1324,#1325,#1326));
#258=EDGE_LOOP('',(#1327,#1328,#1329,#1330,#1331));
#259=EDGE_LOOP('',(#1332,#1333,#1334,#1335));
#260=EDGE_LOOP('',(#1336,#1337,#1338,#1339,#1340));
#261=EDGE_LOOP('',(#1341,#1342,#1343,#1344));
#262=EDGE_LOOP('',(#1345,#1346,#1347,#1348));
#263=EDGE_LOOP('',(#1349,#1350,#1351,#1352));
#264=EDGE_LOOP('',(#1353,#1354,#1355,#1356,#1357));
#265=EDGE_LOOP('',(#1358,#1359,#1360,#1361));
#266=EDGE_LOOP('',(#1362,#1363,#1364,#1365,#1366));
#267=EDGE_LOOP('',(#1367,#1368,#1369,#1370));
#268=EDGE_LOOP('',(#1371,#1372,#1373,#1374));
#269=EDGE_LOOP('',(#1375,#1376,#1377,#1378));
#270=EDGE_LOOP('',(#1379,#1380,#1381,#1382,#1383));
#271=EDGE_LOOP('',(#1384,#1385,#1386,#1387));
#272=EDGE_LOOP('',(#1388,#1389,#1390,#1391,#1392));
#273=EDGE_LOOP('',(#1393,#1394,#1395,#1396));
#274=EDGE_LOOP('',(#1397,#1398,#1399,#1400));
#275=EDGE_LOOP('',(#1401,#1402,#1403,#1404));
#276=EDGE_LOOP('',(#1405,#1406,#1407,#1408));
#277=EDGE_LOOP('',(#1409,#1410,#1411,#1412));
#278=EDGE_LOOP('',(#1413,#1414,#1415,#1416));
#279=EDGE_LOOP('',(#1417,#1418,#1419,#1420));
#280=EDGE_LOOP('',(#1421,#1422,#1423,#1424));
#281=EDGE_LOOP('',(#1425,#1426,#1427,#1428));
#282=EDGE_LOOP('',(#1429,#1430,#1431,#1432));
#283=EDGE_LOOP('',(#1433,#1434,#1435,#1436));
#284=EDGE_LOOP('',(#1437,#1438,#1439,#1440));
#285=EDGE_LOOP('',(#1441,#1442,#1443,#1444));
#286=EDGE_LOOP('',(#1445,#1446,#1447,#1448));
#287=EDGE_LOOP('',(#1449,#1450,#1451,#1452));
#288=EDGE_LOOP('',(#1453,#1454,#1455,#1456));
#289=EDGE_LOOP('',(#1457,#1458,#1459,#1460));
#290=EDGE_LOOP('',(#1461,#1462,#1463,#1464));
#291=EDGE_LOOP('',(#1465,#1466,#1467,#1468));
#292=EDGE_LOOP('',(#1469,#1470,#1471,#1472));
#293=EDGE_LOOP('',(#1473,#1474,#1475,#1476));
#294=EDGE_LOOP('',(#1477,#1478,#1479,#1480));
#295=EDGE_LOOP('',(#1481,#1482,#1483,#1484));
#296=EDGE_LOOP('',(#1485,#1486,#1487,#1488));
#297=EDGE_LOOP('',(#1489,#1490,#1491,#1492));
#298=EDGE_LOOP('',(#1493,#1494,#1495,#1496,#1497,#1498));
#299=EDGE_LOOP('',(#1499));
#300=EDGE_LOOP('',(#1500,#1501,#1502,#1503));
#301=EDGE_LOOP('',(#1504,#1505,#1506,#1507));
#302=EDGE_LOOP('',(#1508,#1509,#1510,#1511));
#303=EDGE_LOOP('',(#1512,#1513,#1514,#1515,#1516,#1517));
#304=EDGE_LOOP('',(#1518));
#305=EDGE_LOOP('',(#1519,#1520,#1521,#1522));
#306=EDGE_LOOP('',(#1523,#1524,#1525,#1526));
#307=EDGE_LOOP('',(#1527,#1528,#1529,#1530));
#308=EDGE_LOOP('',(#1531,#1532,#1533,#1534,#1535,#1536));
#309=EDGE_LOOP('',(#1537));
#310=EDGE_LOOP('',(#1538,#1539,#1540,#1541));
#311=EDGE_LOOP('',(#1542,#1543,#1544,#1545));
#312=EDGE_LOOP('',(#1546,#1547,#1548,#1549,#1550,#1551,#1552,#1553,#1554,
#1555,#1556,#1557,#1558,#1559,#1560,#1561,#1562,#1563,#1564,#1565,#1566,
#1567,#1568,#1569));
#313=EDGE_LOOP('',(#1570));
#314=EDGE_LOOP('',(#1571));
#315=EDGE_LOOP('',(#1572));
#316=EDGE_LOOP('',(#1573));
#317=EDGE_LOOP('',(#1574));
#318=EDGE_LOOP('',(#1575));
#319=EDGE_LOOP('',(#1576));
#320=EDGE_LOOP('',(#1577,#1578,#1579,#1580,#1581));
#321=EDGE_LOOP('',(#1582,#1583,#1584,#1585,#1586,#1587));
#322=EDGE_LOOP('',(#1588));
#323=EDGE_LOOP('',(#1589));
#324=EDGE_LOOP('',(#1590));
#325=EDGE_LOOP('',(#1591));
#326=EDGE_LOOP('',(#1592));
#327=EDGE_LOOP('',(#1593));
#328=EDGE_LOOP('',(#1594));
#329=EDGE_LOOP('',(#1595));
#330=EDGE_LOOP('',(#1596,#1597,#1598,#1599,#1600));
#331=EDGE_LOOP('',(#1601,#1602,#1603,#1604));
#332=EDGE_LOOP('',(#1605,#1606,#1607,#1608));
#333=EDGE_LOOP('',(#1609,#1610,#1611,#1612));
#334=EDGE_LOOP('',(#1613,#1614,#1615,#1616,#1617));
#335=EDGE_LOOP('',(#1618,#1619,#1620,#1621,#1622));
#336=EDGE_LOOP('',(#1623,#1624,#1625,#1626));
#337=EDGE_LOOP('',(#1627,#1628,#1629,#1630));
#338=EDGE_LOOP('',(#1631,#1632,#1633,#1634));
#339=EDGE_LOOP('',(#1635,#1636,#1637,#1638,#1639));
#340=EDGE_LOOP('',(#1640,#1641,#1642,#1643,#1644,#1645));
#341=EDGE_LOOP('',(#1646));
#342=EDGE_LOOP('',(#1647,#1648,#1649,#1650));
#343=EDGE_LOOP('',(#1651,#1652,#1653,#1654));
#344=EDGE_LOOP('',(#1655,#1656,#1657,#1658));
#345=EDGE_LOOP('',(#1659,#1660,#1661,#1662,#1663,#1664));
#346=EDGE_LOOP('',(#1665));
#347=EDGE_LOOP('',(#1666,#1667,#1668,#1669,#1670));
#348=EDGE_LOOP('',(#1671,#1672,#1673,#1674));
#349=EDGE_LOOP('',(#1675,#1676,#1677,#1678));
#350=EDGE_LOOP('',(#1679,#1680,#1681,#1682));
#351=EDGE_LOOP('',(#1683,#1684,#1685,#1686,#1687));
#352=EDGE_LOOP('',(#1688,#1689,#1690,#1691,#1692,#1693));
#353=EDGE_LOOP('',(#1694));
#354=EDGE_LOOP('',(#1695,#1696,#1697,#1698));
#355=EDGE_LOOP('',(#1699,#1700,#1701,#1702,#1703));
#356=EDGE_LOOP('',(#1704,#1705,#1706,#1707,#1708,#1709,#1710,#1711,#1712,
#1713,#1714,#1715,#1716,#1717,#1718,#1719,#1720,#1721,#1722,#1723,#1724,
#1725,#1726,#1727));
#357=EDGE_LOOP('',(#1728));
#358=EDGE_LOOP('',(#1729,#1730,#1731,#1732));
#359=EDGE_LOOP('',(#1733,#1734,#1735,#1736));
#360=EDGE_LOOP('',(#1737,#1738,#1739,#1740));
#361=EDGE_LOOP('',(#1741,#1742,#1743,#1744));
#362=EDGE_LOOP('',(#1745,#1746,#1747,#1748));
#363=EDGE_LOOP('',(#1749,#1750,#1751));
#364=EDGE_LOOP('',(#1752,#1753,#1754,#1755));
#365=EDGE_LOOP('',(#1756,#1757,#1758));
#366=EDGE_LOOP('',(#1759,#1760,#1761,#1762));
#367=EDGE_LOOP('',(#1763,#1764,#1765));
#368=EDGE_LOOP('',(#1766,#1767,#1768));
#369=EDGE_LOOP('',(#1769,#1770,#1771,#1772));
#370=EDGE_LOOP('',(#1773,#1774,#1775,#1776));
#371=EDGE_LOOP('',(#1777,#1778,#1779,#1780));
#372=EDGE_LOOP('',(#1781,#1782,#1783,#1784));
#373=EDGE_LOOP('',(#1785,#1786,#1787));
#374=EDGE_LOOP('',(#1788,#1789,#1790,#1791));
#375=EDGE_LOOP('',(#1792,#1793,#1794));
#376=EDGE_LOOP('',(#1795,#1796,#1797,#1798));
#377=EDGE_LOOP('',(#1799,#1800,#1801));
#378=EDGE_LOOP('',(#1802,#1803,#1804));
#379=EDGE_LOOP('',(#1805,#1806,#1807,#1808));
#380=EDGE_LOOP('',(#1809,#1810,#1811,#1812));
#381=EDGE_LOOP('',(#1813,#1814,#1815,#1816));
#382=EDGE_LOOP('',(#1817,#1818,#1819,#1820));
#383=EDGE_LOOP('',(#1821,#1822,#1823));
#384=EDGE_LOOP('',(#1824,#1825,#1826,#1827));
#385=EDGE_LOOP('',(#1828,#1829,#1830));
#386=EDGE_LOOP('',(#1831,#1832,#1833,#1834));
#387=EDGE_LOOP('',(#1835,#1836,#1837));
#388=EDGE_LOOP('',(#1838,#1839,#1840));
#389=EDGE_LOOP('',(#1841,#1842,#1843,#1844));
#390=EDGE_LOOP('',(#1845,#1846,#1847,#1848));
#391=EDGE_LOOP('',(#1849,#1850,#1851,#1852));
#392=EDGE_LOOP('',(#1853,#1854,#1855,#1856));
#393=EDGE_LOOP('',(#1857,#1858,#1859,#1860));
#394=EDGE_LOOP('',(#1861,#1862,#1863,#1864));
#395=EDGE_LOOP('',(#1865,#1866,#1867,#1868));
#396=EDGE_LOOP('',(#1869,#1870,#1871,#1872));
#397=EDGE_LOOP('',(#1873,#1874,#1875,#1876));
#398=EDGE_LOOP('',(#1877,#1878,#1879,#1880));
#399=EDGE_LOOP('',(#1881,#1882,#1883,#1884));
#400=LINE('',#2917,#587);
#401=LINE('',#2922,#588);
#402=LINE('',#2923,#589);
#403=LINE('',#2924,#590);
#404=LINE('',#2937,#591);
#405=LINE('',#2940,#592);
#406=LINE('',#2943,#593);
#407=LINE('',#2944,#594);
#408=LINE('',#2949,#595);
#409=LINE('',#2960,#596);
#410=LINE('',#2965,#597);
#411=LINE('',#2966,#598);
#412=LINE('',#2967,#599);
#413=LINE('',#2980,#600);
#414=LINE('',#2983,#601);
#415=LINE('',#2986,#602);
#416=LINE('',#2987,#603);
#417=LINE('',#2992,#604);
#418=LINE('',#3003,#605);
#419=LINE('',#3008,#606);
#420=LINE('',#3009,#607);
#421=LINE('',#3010,#608);
#422=LINE('',#3023,#609);
#423=LINE('',#3026,#610);
#424=LINE('',#3029,#611);
#425=LINE('',#3030,#612);
#426=LINE('',#3035,#613);
#427=LINE('',#3040,#614);
#428=LINE('',#3042,#615);
#429=LINE('',#3044,#616);
#430=LINE('',#3045,#617);
#431=LINE('',#3049,#618);
#432=LINE('',#3055,#619);
#433=LINE('',#3056,#620);
#434=LINE('',#3057,#621);
#435=LINE('',#3061,#622);
#436=LINE('',#3067,#623);
#437=LINE('',#3068,#624);
#438=LINE('',#3069,#625);
#439=LINE('',#3073,#626);
#440=LINE('',#3079,#627);
#441=LINE('',#3080,#628);
#442=LINE('',#3081,#629);
#443=LINE('',#3085,#630);
#444=LINE('',#3091,#631);
#445=LINE('',#3092,#632);
#446=LINE('',#3093,#633);
#447=LINE('',#3097,#634);
#448=LINE('',#3103,#635);
#449=LINE('',#3104,#636);
#450=LINE('',#3105,#637);
#451=LINE('',#3109,#638);
#452=LINE('',#3115,#639);
#453=LINE('',#3116,#640);
#454=LINE('',#3117,#641);
#455=LINE('',#3121,#642);
#456=LINE('',#3127,#643);
#457=LINE('',#3128,#644);
#458=LINE('',#3129,#645);
#459=LINE('',#3133,#646);
#460=LINE('',#3139,#647);
#461=LINE('',#3140,#648);
#462=LINE('',#3141,#649);
#463=LINE('',#3145,#650);
#464=LINE('',#3151,#651);
#465=LINE('',#3152,#652);
#466=LINE('',#3153,#653);
#467=LINE('',#3157,#654);
#468=LINE('',#3163,#655);
#469=LINE('',#3164,#656);
#470=LINE('',#3165,#657);
#471=LINE('',#3169,#658);
#472=LINE('',#3175,#659);
#473=LINE('',#3176,#660);
#474=LINE('',#3177,#661);
#475=LINE('',#3183,#662);
#476=LINE('',#3186,#663);
#477=LINE('',#3189,#664);
#478=LINE('',#3190,#665);
#479=LINE('',#3191,#666);
#480=LINE('',#3196,#667);
#481=LINE('',#3200,#668);
#482=LINE('',#3201,#669);
#483=LINE('',#3204,#670);
#484=LINE('',#3208,#671);
#485=LINE('',#3209,#672);
#486=LINE('',#3210,#673);
#487=LINE('',#3215,#674);
#488=LINE('',#3219,#675);
#489=LINE('',#3220,#676);
#490=LINE('',#3223,#677);
#491=LINE('',#3227,#678);
#492=LINE('',#3228,#679);
#493=LINE('',#3229,#680);
#494=LINE('',#3234,#681);
#495=LINE('',#3238,#682);
#496=LINE('',#3239,#683);
#497=LINE('',#3259,#684);
#498=LINE('',#3265,#685);
#499=LINE('',#3286,#686);
#500=LINE('',#3287,#687);
#501=LINE('',#3290,#688);
#502=LINE('',#3294,#689);
#503=LINE('',#3295,#690);
#504=LINE('',#3298,#691);
#505=LINE('',#3301,#692);
#506=LINE('',#3304,#693);
#507=LINE('',#3306,#694);
#508=LINE('',#3307,#695);
#509=LINE('',#3311,#696);
#510=LINE('',#3317,#697);
#511=LINE('',#3318,#698);
#512=LINE('',#3319,#699);
#513=LINE('',#3323,#700);
#514=LINE('',#3327,#701);
#515=LINE('',#3328,#702);
#516=LINE('',#3331,#703);
#517=LINE('',#3332,#704);
#518=LINE('',#3333,#705);
#519=LINE('',#3337,#706);
#520=LINE('',#3339,#707);
#521=LINE('',#3341,#708);
#522=LINE('',#3344,#709);
#523=LINE('',#3345,#710);
#524=LINE('',#3350,#711);
#525=LINE('',#3351,#712);
#526=LINE('',#3354,#713);
#527=LINE('',#3358,#714);
#528=LINE('',#3359,#715);
#529=LINE('',#3363,#716);
#530=LINE('',#3367,#717);
#531=LINE('',#3368,#718);
#532=LINE('',#3371,#719);
#533=LINE('',#3372,#720);
#534=LINE('',#3373,#721);
#535=LINE('',#3380,#722);
#536=LINE('',#3383,#723);
#537=LINE('',#3385,#724);
#538=LINE('',#3387,#725);
#539=LINE('',#3390,#726);
#540=LINE('',#3392,#727);
#541=LINE('',#3393,#728);
#542=LINE('',#3396,#729);
#543=LINE('',#3397,#730);
#544=LINE('',#3398,#731);
#545=LINE('',#3402,#732);
#546=LINE('',#3403,#733);
#547=LINE('',#3404,#734);
#548=LINE('',#3407,#735);
#549=LINE('',#3408,#736);
#550=LINE('',#3410,#737);
#551=LINE('',#3411,#738);
#552=LINE('',#3416,#739);
#553=LINE('',#3420,#740);
#554=LINE('',#3422,#741);
#555=LINE('',#3423,#742);
#556=LINE('',#3427,#743);
#557=LINE('',#3428,#744);
#558=LINE('',#3430,#745);
#559=LINE('',#3431,#746);
#560=LINE('',#3436,#747);
#561=LINE('',#3437,#748);
#562=LINE('',#3438,#749);
#563=LINE('',#3442,#750);
#564=LINE('',#3443,#751);
#565=LINE('',#3444,#752);
#566=LINE('',#3448,#753);
#567=LINE('',#3452,#754);
#568=LINE('',#3454,#755);
#569=LINE('',#3455,#756);
#570=LINE('',#3458,#757);
#571=LINE('',#3459,#758);
#572=LINE('',#3460,#759);
#573=LINE('',#3464,#760);
#574=LINE('',#3465,#761);
#575=LINE('',#3466,#762);
#576=LINE('',#3469,#763);
#577=LINE('',#3470,#764);
#578=LINE('',#3471,#765);
#579=LINE('',#3477,#766);
#580=LINE('',#3480,#767);
#581=LINE('',#3482,#768);
#582=LINE('',#3484,#769);
#583=LINE('',#3486,#770);
#584=LINE('',#3488,#771);
#585=LINE('',#3490,#772);
#586=LINE('',#3492,#773);
#587=VECTOR('',#2292,10.);
#588=VECTOR('',#2297,10.);
#589=VECTOR('',#2298,10.);
#590=VECTOR('',#2299,10.);
#591=VECTOR('',#2310,10.);
#592=VECTOR('',#2313,10.);
#593=VECTOR('',#2316,10.);
#594=VECTOR('',#2317,10.);
#595=VECTOR('',#2322,10.);
#596=VECTOR('',#2329,10.);
#597=VECTOR('',#2334,10.);
#598=VECTOR('',#2335,10.);
#599=VECTOR('',#2336,10.);
#600=VECTOR('',#2347,10.);
#601=VECTOR('',#2350,10.);
#602=VECTOR('',#2353,10.);
#603=VECTOR('',#2354,10.);
#604=VECTOR('',#2359,10.);
#605=VECTOR('',#2366,10.);
#606=VECTOR('',#2371,10.);
#607=VECTOR('',#2372,10.);
#608=VECTOR('',#2373,10.);
#609=VECTOR('',#2384,10.);
#610=VECTOR('',#2387,10.);
#611=VECTOR('',#2390,10.);
#612=VECTOR('',#2391,10.);
#613=VECTOR('',#2396,10.);
#614=VECTOR('',#2401,10.);
#615=VECTOR('',#2402,10.);
#616=VECTOR('',#2403,10.);
#617=VECTOR('',#2404,10.);
#618=VECTOR('',#2407,10.);
#619=VECTOR('',#2414,10.);
#620=VECTOR('',#2415,10.);
#621=VECTOR('',#2416,10.);
#622=VECTOR('',#2419,10.);
#623=VECTOR('',#2426,10.);
#624=VECTOR('',#2427,10.);
#625=VECTOR('',#2428,10.);
#626=VECTOR('',#2431,10.);
#627=VECTOR('',#2438,10.);
#628=VECTOR('',#2439,10.);
#629=VECTOR('',#2440,10.);
#630=VECTOR('',#2443,10.);
#631=VECTOR('',#2450,10.);
#632=VECTOR('',#2451,10.);
#633=VECTOR('',#2452,10.);
#634=VECTOR('',#2455,10.);
#635=VECTOR('',#2462,10.);
#636=VECTOR('',#2463,10.);
#637=VECTOR('',#2464,10.);
#638=VECTOR('',#2467,10.);
#639=VECTOR('',#2474,10.);
#640=VECTOR('',#2475,10.);
#641=VECTOR('',#2476,10.);
#642=VECTOR('',#2479,10.);
#643=VECTOR('',#2486,10.);
#644=VECTOR('',#2487,10.);
#645=VECTOR('',#2488,10.);
#646=VECTOR('',#2491,10.);
#647=VECTOR('',#2498,10.);
#648=VECTOR('',#2499,10.);
#649=VECTOR('',#2500,10.);
#650=VECTOR('',#2503,10.);
#651=VECTOR('',#2510,10.);
#652=VECTOR('',#2511,10.);
#653=VECTOR('',#2512,10.);
#654=VECTOR('',#2515,10.);
#655=VECTOR('',#2522,10.);
#656=VECTOR('',#2523,10.);
#657=VECTOR('',#2524,10.);
#658=VECTOR('',#2527,10.);
#659=VECTOR('',#2534,10.);
#660=VECTOR('',#2535,10.);
#661=VECTOR('',#2536,10.);
#662=VECTOR('',#2545,10.);
#663=VECTOR('',#2548,10.);
#664=VECTOR('',#2551,10.);
#665=VECTOR('',#2552,10.);
#666=VECTOR('',#2553,10.);
#667=VECTOR('',#2558,10.);
#668=VECTOR('',#2563,10.);
#669=VECTOR('',#2564,10.);
#670=VECTOR('',#2567,10.);
#671=VECTOR('',#2572,10.);
#672=VECTOR('',#2573,10.);
#673=VECTOR('',#2574,10.);
#674=VECTOR('',#2579,10.);
#675=VECTOR('',#2584,10.);
#676=VECTOR('',#2585,10.);
#677=VECTOR('',#2588,10.);
#678=VECTOR('',#2593,10.);
#679=VECTOR('',#2594,10.);
#680=VECTOR('',#2595,10.);
#681=VECTOR('',#2600,10.);
#682=VECTOR('',#2605,10.);
#683=VECTOR('',#2606,10.);
#684=VECTOR('',#2627,20.75);
#685=VECTOR('',#2634,21.);
#686=VECTOR('',#2657,10.);
#687=VECTOR('',#2658,10.);
#688=VECTOR('',#2661,10.);
#689=VECTOR('',#2666,10.);
#690=VECTOR('',#2667,10.);
#691=VECTOR('',#2670,10.);
#692=VECTOR('',#2675,10.);
#693=VECTOR('',#2678,10.);
#694=VECTOR('',#2679,10.);
#695=VECTOR('',#2680,10.);
#696=VECTOR('',#2683,10.);
#697=VECTOR('',#2690,10.);
#698=VECTOR('',#2691,10.);
#699=VECTOR('',#2692,10.);
#700=VECTOR('',#2695,10.);
#701=VECTOR('',#2702,10.);
#702=VECTOR('',#2703,10.);
#703=VECTOR('',#2706,10.);
#704=VECTOR('',#2707,10.);
#705=VECTOR('',#2708,10.);
#706=VECTOR('',#2713,10.);
#707=VECTOR('',#2716,10.);
#708=VECTOR('',#2719,10.);
#709=VECTOR('',#2722,10.);
#710=VECTOR('',#2723,10.);
#711=VECTOR('',#2728,10.);
#712=VECTOR('',#2729,10.);
#713=VECTOR('',#2732,10.);
#714=VECTOR('',#2737,10.);
#715=VECTOR('',#2738,10.);
#716=VECTOR('',#2741,10.);
#717=VECTOR('',#2748,10.);
#718=VECTOR('',#2749,10.);
#719=VECTOR('',#2752,10.);
#720=VECTOR('',#2753,10.);
#721=VECTOR('',#2754,10.);
#722=VECTOR('',#2763,21.3);
#723=VECTOR('',#2768,2.05);
#724=VECTOR('',#2771,2.05);
#725=VECTOR('',#2774,2.05);
#726=VECTOR('',#2777,10.);
#727=VECTOR('',#2778,10.);
#728=VECTOR('',#2779,10.);
#729=VECTOR('',#2782,10.);
#730=VECTOR('',#2783,10.);
#731=VECTOR('',#2784,10.);
#732=VECTOR('',#2789,10.);
#733=VECTOR('',#2790,10.);
#734=VECTOR('',#2791,10.);
#735=VECTOR('',#2796,10.);
#736=VECTOR('',#2797,10.);
#737=VECTOR('',#2798,10.);
#738=VECTOR('',#2799,10.);
#739=VECTOR('',#2808,10.);
#740=VECTOR('',#2813,10.);
#741=VECTOR('',#2814,10.);
#742=VECTOR('',#2815,10.);
#743=VECTOR('',#2818,10.);
#744=VECTOR('',#2819,10.);
#745=VECTOR('',#2820,10.);
#746=VECTOR('',#2821,10.);
#747=VECTOR('',#2828,10.);
#748=VECTOR('',#2829,10.);
#749=VECTOR('',#2830,10.);
#750=VECTOR('',#2837,10.);
#751=VECTOR('',#2838,10.);
#752=VECTOR('',#2839,10.);
#753=VECTOR('',#2846,10.);
#754=VECTOR('',#2851,10.);
#755=VECTOR('',#2852,10.);
#756=VECTOR('',#2853,10.);
#757=VECTOR('',#2856,10.);
#758=VECTOR('',#2857,10.);
#759=VECTOR('',#2858,10.);
#760=VECTOR('',#2863,10.);
#761=VECTOR('',#2864,10.);
#762=VECTOR('',#2865,10.);
#763=VECTOR('',#2870,10.);
#764=VECTOR('',#2871,10.);
#765=VECTOR('',#2872,10.);
#766=VECTOR('',#2883,10.);
#767=VECTOR('',#2888,5.);
#768=VECTOR('',#2891,1.6);
#769=VECTOR('',#2894,1.6);
#770=VECTOR('',#2897,1.6);
#771=VECTOR('',#2900,2.1);
#772=VECTOR('',#2903,2.1);
#773=VECTOR('',#2906,2.1);
#774=CIRCLE('',#2071,2.);
#775=CIRCLE('',#2072,2.5);
#776=CIRCLE('',#2075,2.5);
#777=CIRCLE('',#2076,2.);
#778=CIRCLE('',#2079,2.);
#779=CIRCLE('',#2083,2.);
#780=CIRCLE('',#2085,2.);
#781=CIRCLE('',#2086,2.5);
#782=CIRCLE('',#2089,2.50000000000001);
#783=CIRCLE('',#2090,2.);
#784=CIRCLE('',#2093,2.);
#785=CIRCLE('',#2097,2.);
#786=CIRCLE('',#2099,2.);
#787=CIRCLE('',#2100,2.5);
#788=CIRCLE('',#2103,2.5);
#789=CIRCLE('',#2104,2.);
#790=CIRCLE('',#2107,2.);
#791=CIRCLE('',#2111,2.);
#792=CIRCLE('',#2114,1.99999999999996);
#793=CIRCLE('',#2115,2.49999999999996);
#794=CIRCLE('',#2118,2.00000000000001);
#795=CIRCLE('',#2119,1.50000000000001);
#796=CIRCLE('',#2122,2.00000000000001);
#797=CIRCLE('',#2123,1.50000000000001);
#798=CIRCLE('',#2126,2.00000000000002);
#799=CIRCLE('',#2127,2.50000000000002);
#800=CIRCLE('',#2130,1.99999999999997);
#801=CIRCLE('',#2131,2.49999999999997);
#802=CIRCLE('',#2134,2.00000000000001);
#803=CIRCLE('',#2135,1.50000000000002);
#804=CIRCLE('',#2138,2.00000000000001);
#805=CIRCLE('',#2139,1.50000000000001);
#806=CIRCLE('',#2142,1.99999999999998);
#807=CIRCLE('',#2143,2.49999999999999);
#808=CIRCLE('',#2146,1.99999999999996);
#809=CIRCLE('',#2147,2.49999999999997);
#810=CIRCLE('',#2150,2.00000000000001);
#811=CIRCLE('',#2151,1.50000000000001);
#812=CIRCLE('',#2154,2.00000000000001);
#813=CIRCLE('',#2155,1.50000000000002);
#814=CIRCLE('',#2158,2.);
#815=CIRCLE('',#2159,2.5);
#816=CIRCLE('',#2161,2.00000000000001);
#817=CIRCLE('',#2163,2.05);
#818=CIRCLE('',#2165,1.99999999999998);
#819=CIRCLE('',#2168,1.99999999999996);
#820=CIRCLE('',#2170,2.05);
#821=CIRCLE('',#2172,2.00000000000001);
#822=CIRCLE('',#2175,2.00000000000001);
#823=CIRCLE('',#2177,2.05);
#824=CIRCLE('',#2179,2.);
#825=CIRCLE('',#2182,2.1);
#826=CIRCLE('',#2183,2.1);
#827=CIRCLE('',#2184,2.1);
#828=CIRCLE('',#2185,1.6);
#829=CIRCLE('',#2186,1.6);
#830=CIRCLE('',#2187,1.6);
#831=CIRCLE('',#2188,5.);
#832=CIRCLE('',#2190,20.5);
#833=CIRCLE('',#2191,21.);
#834=CIRCLE('',#2192,21.);
#835=CIRCLE('',#2194,21.);
#836=CIRCLE('',#2195,21.);
#837=CIRCLE('',#2197,5.);
#838=CIRCLE('',#2198,1.6);
#839=CIRCLE('',#2199,1.6);
#840=CIRCLE('',#2200,1.6);
#841=CIRCLE('',#2201,2.1);
#842=CIRCLE('',#2202,2.1);
#843=CIRCLE('',#2203,2.1);
#844=CIRCLE('',#2206,2.59999999999998);
#845=CIRCLE('',#2209,2.59999999999997);
#846=CIRCLE('',#2213,2.60000000000002);
#847=CIRCLE('',#2214,2.00000000000002);
#848=CIRCLE('',#2217,2.59999999999997);
#849=CIRCLE('',#2218,1.99999999999997);
#850=CIRCLE('',#2221,2.05);
#851=CIRCLE('',#2226,2.05);
#852=CIRCLE('',#2229,2.6);
#853=CIRCLE('',#2232,2.59999999999996);
#854=CIRCLE('',#2233,1.99999999999996);
#855=CIRCLE('',#2236,2.05);
#856=CIRCLE('',#2239,21.6);
#857=CIRCLE('',#2251,2.00000000000001);
#858=CIRCLE('',#2258,2.00000000000001);
#859=CIRCLE('',#2261,2.00000000000001);
#860=(
BOUNDED_CURVE()
B_SPLINE_CURVE(2,(#2911,#2912,#2913),.UNSPECIFIED.,.F.,.F.)
B_SPLINE_CURVE_WITH_KNOTS((3,3),(0.,0.0762509095067906),.UNSPECIFIED.)
CURVE()
GEOMETRIC_REPRESENTATION_ITEM()
RATIONAL_B_SPLINE_CURVE((1.,1.,1.))
REPRESENTATION_ITEM('')
);
#861=(
BOUNDED_CURVE()
B_SPLINE_CURVE(2,(#2928,#2929,#2930),.UNSPECIFIED.,.F.,.F.)
B_SPLINE_CURVE_WITH_KNOTS((3,3),(0.,0.076250909506791),.UNSPECIFIED.)
CURVE()
GEOMETRIC_REPRESENTATION_ITEM()
RATIONAL_B_SPLINE_CURVE((1.,1.,1.))
REPRESENTATION_ITEM('')
);
#862=(
BOUNDED_CURVE()
B_SPLINE_CURVE(2,(#2954,#2955,#2956),.UNSPECIFIED.,.F.,.F.)
B_SPLINE_CURVE_WITH_KNOTS((3,3),(0.,0.0762509095067907),.UNSPECIFIED.)
CURVE()
GEOMETRIC_REPRESENTATION_ITEM()
RATIONAL_B_SPLINE_CURVE((1.,1.,1.))
REPRESENTATION_ITEM('')
);
#863=(
BOUNDED_CURVE()
B_SPLINE_CURVE(2,(#2971,#2972,#2973),.UNSPECIFIED.,.F.,.F.)
B_SPLINE_CURVE_WITH_KNOTS((3,3),(0.,0.0762509095067907),.UNSPECIFIED.)
CURVE()
GEOMETRIC_REPRESENTATION_ITEM()
RATIONAL_B_SPLINE_CURVE((1.,1.,1.))
REPRESENTATION_ITEM('')
);
#864=(
BOUNDED_CURVE()
B_SPLINE_CURVE(2,(#2997,#2998,#2999),.UNSPECIFIED.,.F.,.F.)
B_SPLINE_CURVE_WITH_KNOTS((3,3),(0.,0.0762509095067904),.UNSPECIFIED.)
CURVE()
GEOMETRIC_REPRESENTATION_ITEM()
RATIONAL_B_SPLINE_CURVE((1.,1.,1.))
REPRESENTATION_ITEM('')
);
#865=(
BOUNDED_CURVE()
B_SPLINE_CURVE(2,(#3014,#3015,#3016),.UNSPECIFIED.,.F.,.F.)
B_SPLINE_CURVE_WITH_KNOTS((3,3),(0.,0.0762509095067908),.UNSPECIFIED.)
CURVE()
GEOMETRIC_REPRESENTATION_ITEM()
RATIONAL_B_SPLINE_CURVE((1.,1.,1.))
REPRESENTATION_ITEM('')
);
#866=VERTEX_POINT('',#2909);
#867=VERTEX_POINT('',#2910);
#868=VERTEX_POINT('',#2914);
#869=VERTEX_POINT('',#2916);
#870=VERTEX_POINT('',#2920);
#871=VERTEX_POINT('',#2921);
#872=VERTEX_POINT('',#2926);
#873=VERTEX_POINT('',#2927);
#874=VERTEX_POINT('',#2934);
#875=VERTEX_POINT('',#2936);
#876=VERTEX_POINT('',#2938);
#877=VERTEX_POINT('',#2942);
#878=VERTEX_POINT('',#2946);
#879=VERTEX_POINT('',#2948);
#880=VERTEX_POINT('',#2952);
#881=VERTEX_POINT('',#2953);
#882=VERTEX_POINT('',#2957);
#883=VERTEX_POINT('',#2959);
#884=VERTEX_POINT('',#2963);
#885=VERTEX_POINT('',#2964);
#886=VERTEX_POINT('',#2969);
#887=VERTEX_POINT('',#2970);
#888=VERTEX_POINT('',#2977);
#889=VERTEX_POINT('',#2979);
#890=VERTEX_POINT('',#2981);
#891=VERTEX_POINT('',#2985);
#892=VERTEX_POINT('',#2989);
#893=VERTEX_POINT('',#2991);
#894=VERTEX_POINT('',#2995);
#895=VERTEX_POINT('',#2996);
#896=VERTEX_POINT('',#3000);
#897=VERTEX_POINT('',#3002);
#898=VERTEX_POINT('',#3006);
#899=VERTEX_POINT('',#3007);
#900=VERTEX_POINT('',#3012);
#901=VERTEX_POINT('',#3013);
#902=VERTEX_POINT('',#3020);
#903=VERTEX_POINT('',#3022);
#904=VERTEX_POINT('',#3024);
#905=VERTEX_POINT('',#3028);
#906=VERTEX_POINT('',#3032);
#907=VERTEX_POINT('',#3034);
#908=VERTEX_POINT('',#3038);
#909=VERTEX_POINT('',#3039);
#910=VERTEX_POINT('',#3041);
#911=VERTEX_POINT('',#3043);
#912=VERTEX_POINT('',#3047);
#913=VERTEX_POINT('',#3048);
#914=VERTEX_POINT('',#3053);
#915=VERTEX_POINT('',#3054);
#916=VERTEX_POINT('',#3059);
#917=VERTEX_POINT('',#3060);
#918=VERTEX_POINT('',#3065);
#919=VERTEX_POINT('',#3066);
#920=VERTEX_POINT('',#3071);
#921=VERTEX_POINT('',#3072);
#922=VERTEX_POINT('',#3077);
#923=VERTEX_POINT('',#3078);
#924=VERTEX_POINT('',#3083);
#925=VERTEX_POINT('',#3084);
#926=VERTEX_POINT('',#3089);
#927=VERTEX_POINT('',#3090);
#928=VERTEX_POINT('',#3095);
#929=VERTEX_POINT('',#3096);
#930=VERTEX_POINT('',#3101);
#931=VERTEX_POINT('',#3102);
#932=VERTEX_POINT('',#3107);
#933=VERTEX_POINT('',#3108);
#934=VERTEX_POINT('',#3113);
#935=VERTEX_POINT('',#3114);
#936=VERTEX_POINT('',#3119);
#937=VERTEX_POINT('',#3120);
#938=VERTEX_POINT('',#3125);
#939=VERTEX_POINT('',#3126);
#940=VERTEX_POINT('',#3131);
#941=VERTEX_POINT('',#3132);
#942=VERTEX_POINT('',#3137);
#943=VERTEX_POINT('',#3138);
#944=VERTEX_POINT('',#3143);
#945=VERTEX_POINT('',#3144);
#946=VERTEX_POINT('',#3149);
#947=VERTEX_POINT('',#3150);
#948=VERTEX_POINT('',#3155);
#949=VERTEX_POINT('',#3156);
#950=VERTEX_POINT('',#3161);
#951=VERTEX_POINT('',#3162);
#952=VERTEX_POINT('',#3167);
#953=VERTEX_POINT('',#3168);
#954=VERTEX_POINT('',#3173);
#955=VERTEX_POINT('',#3174);
#956=VERTEX_POINT('',#3182);
#957=VERTEX_POINT('',#3184);
#958=VERTEX_POINT('',#3188);
#959=VERTEX_POINT('',#3192);
#960=VERTEX_POINT('',#3195);
#961=VERTEX_POINT('',#3199);
#962=VERTEX_POINT('',#3203);
#963=VERTEX_POINT('',#3207);
#964=VERTEX_POINT('',#3211);
#965=VERTEX_POINT('',#3214);
#966=VERTEX_POINT('',#3218);
#967=VERTEX_POINT('',#3222);
#968=VERTEX_POINT('',#3226);
#969=VERTEX_POINT('',#3230);
#970=VERTEX_POINT('',#3233);
#971=VERTEX_POINT('',#3237);
#972=VERTEX_POINT('',#3241);
#973=VERTEX_POINT('',#3243);
#974=VERTEX_POINT('',#3245);
#975=VERTEX_POINT('',#3247);
#976=VERTEX_POINT('',#3249);
#977=VERTEX_POINT('',#3251);
#978=VERTEX_POINT('',#3253);
#979=VERTEX_POINT('',#3256);
#980=VERTEX_POINT('',#3258);
#981=VERTEX_POINT('',#3260);
#982=VERTEX_POINT('',#3264);
#983=VERTEX_POINT('',#3266);
#984=VERTEX_POINT('',#3270);
#985=VERTEX_POINT('',#3272);
#986=VERTEX_POINT('',#3274);
#987=VERTEX_POINT('',#3276);
#988=VERTEX_POINT('',#3278);
#989=VERTEX_POINT('',#3280);
#990=VERTEX_POINT('',#3282);
#991=VERTEX_POINT('',#3285);
#992=VERTEX_POINT('',#3289);
#993=VERTEX_POINT('',#3293);
#994=VERTEX_POINT('',#3297);
#995=VERTEX_POINT('',#3303);
#996=VERTEX_POINT('',#3305);
#997=VERTEX_POINT('',#3309);
#998=VERTEX_POINT('',#3310);
#999=VERTEX_POINT('',#3315);
#1000=VERTEX_POINT('',#3316);
#1001=VERTEX_POINT('',#3321);
#1002=VERTEX_POINT('',#3322);
#1003=VERTEX_POINT('',#3330);
#1004=VERTEX_POINT('',#3334);
#1005=VERTEX_POINT('',#3343);
#1006=VERTEX_POINT('',#3346);
#1007=VERTEX_POINT('',#3349);
#1008=VERTEX_POINT('',#3353);
#1009=VERTEX_POINT('',#3357);
#1010=VERTEX_POINT('',#3361);
#1011=VERTEX_POINT('',#3362);
#1012=VERTEX_POINT('',#3370);
#1013=VERTEX_POINT('',#3374);
#1014=VERTEX_POINT('',#3378);
#1015=VERTEX_POINT('',#3389);
#1016=VERTEX_POINT('',#3391);
#1017=VERTEX_POINT('',#3395);
#1018=VERTEX_POINT('',#3401);
#1019=VERTEX_POINT('',#3409);
#1020=VERTEX_POINT('',#3419);
#1021=VERTEX_POINT('',#3421);
#1022=VERTEX_POINT('',#3425);
#1023=VERTEX_POINT('',#3426);
#1024=VERTEX_POINT('',#3429);
#1025=VERTEX_POINT('',#3435);
#1026=VERTEX_POINT('',#3451);
#1027=VERTEX_POINT('',#3453);
#1028=VERTEX_POINT('',#3457);
#1029=VERTEX_POINT('',#3463);
#1030=EDGE_CURVE('',#866,#867,#860,.T.);
#1031=EDGE_CURVE('',#867,#868,#774,.T.);
#1032=EDGE_CURVE('',#868,#869,#400,.T.);
#1033=EDGE_CURVE('',#869,#866,#775,.T.);
#1034=EDGE_CURVE('',#870,#871,#401,.T.);
#1035=EDGE_CURVE('',#871,#869,#402,.T.);
#1036=EDGE_CURVE('',#868,#870,#403,.T.);
#1037=EDGE_CURVE('',#872,#873,#861,.T.);
#1038=EDGE_CURVE('',#873,#871,#776,.T.);
#1039=EDGE_CURVE('',#870,#872,#777,.T.);
#1040=EDGE_CURVE('',#872,#874,#39,.T.);
#1041=EDGE_CURVE('',#870,#875,#404,.T.);
#1042=EDGE_CURVE('',#876,#875,#778,.T.);
#1043=EDGE_CURVE('',#874,#876,#405,.T.);
#1044=EDGE_CURVE('',#868,#877,#406,.T.);
#1045=EDGE_CURVE('',#875,#877,#407,.T.);
#1046=EDGE_CURVE('',#878,#867,#40,.T.);
#1047=EDGE_CURVE('',#878,#879,#408,.T.);
#1048=EDGE_CURVE('',#877,#879,#779,.T.);
#1049=EDGE_CURVE('',#880,#881,#862,.T.);
#1050=EDGE_CURVE('',#881,#882,#780,.T.);
#1051=EDGE_CURVE('',#882,#883,#409,.T.);
#1052=EDGE_CURVE('',#883,#880,#781,.T.);
#1053=EDGE_CURVE('',#884,#885,#410,.T.);
#1054=EDGE_CURVE('',#885,#883,#411,.T.);
#1055=EDGE_CURVE('',#882,#884,#412,.T.);
#1056=EDGE_CURVE('',#886,#887,#863,.T.);
#1057=EDGE_CURVE('',#887,#885,#782,.T.);
#1058=EDGE_CURVE('',#884,#886,#783,.T.);
#1059=EDGE_CURVE('',#886,#888,#41,.T.);
#1060=EDGE_CURVE('',#884,#889,#413,.T.);
#1061=EDGE_CURVE('',#890,#889,#784,.T.);
#1062=EDGE_CURVE('',#888,#890,#414,.T.);
#1063=EDGE_CURVE('',#882,#891,#415,.T.);
#1064=EDGE_CURVE('',#889,#891,#416,.T.);
#1065=EDGE_CURVE('',#892,#881,#42,.T.);
#1066=EDGE_CURVE('',#892,#893,#417,.T.);
#1067=EDGE_CURVE('',#891,#893,#785,.T.);
#1068=EDGE_CURVE('',#894,#895,#864,.T.);
#1069=EDGE_CURVE('',#895,#896,#786,.T.);
#1070=EDGE_CURVE('',#896,#897,#418,.T.);
#1071=EDGE_CURVE('',#897,#894,#787,.T.);
#1072=EDGE_CURVE('',#898,#899,#419,.T.);
#1073=EDGE_CURVE('',#899,#897,#420,.T.);
#1074=EDGE_CURVE('',#896,#898,#421,.T.);
#1075=EDGE_CURVE('',#900,#901,#865,.T.);
#1076=EDGE_CURVE('',#901,#899,#788,.T.);
#1077=EDGE_CURVE('',#898,#900,#789,.T.);
#1078=EDGE_CURVE('',#900,#902,#43,.T.);
#1079=EDGE_CURVE('',#898,#903,#422,.T.);
#1080=EDGE_CURVE('',#904,#903,#790,.T.);
#1081=EDGE_CURVE('',#902,#904,#423,.T.);
#1082=EDGE_CURVE('',#896,#905,#424,.T.);
#1083=EDGE_CURVE('',#903,#905,#425,.T.);
#1084=EDGE_CURVE('',#906,#895,#44,.T.);
#1085=EDGE_CURVE('',#906,#907,#426,.T.);
#1086=EDGE_CURVE('',#905,#907,#791,.T.);
#1087=EDGE_CURVE('',#908,#909,#427,.T.);
#1088=EDGE_CURVE('',#909,#910,#428,.T.);
#1089=EDGE_CURVE('',#910,#911,#429,.T.);
#1090=EDGE_CURVE('',#911,#908,#430,.T.);
#1091=EDGE_CURVE('',#912,#913,#431,.T.);
#1092=EDGE_CURVE('',#913,#909,#792,.T.);
#1093=EDGE_CURVE('',#908,#912,#793,.T.);
#1094=EDGE_CURVE('',#914,#915,#432,.T.);
#1095=EDGE_CURVE('',#915,#913,#433,.T.);
#1096=EDGE_CURVE('',#912,#914,#434,.T.);
#1097=EDGE_CURVE('',#916,#917,#435,.T.);
#1098=EDGE_CURVE('',#917,#915,#794,.T.);
#1099=EDGE_CURVE('',#914,#916,#795,.T.);
#1100=EDGE_CURVE('',#918,#919,#436,.T.);
#1101=EDGE_CURVE('',#919,#917,#437,.T.);
#1102=EDGE_CURVE('',#916,#918,#438,.T.);
#1103=EDGE_CURVE('',#920,#921,#439,.T.);
#1104=EDGE_CURVE('',#921,#919,#796,.T.);
#1105=EDGE_CURVE('',#918,#920,#797,.T.);
#1106=EDGE_CURVE('',#922,#923,#440,.T.);
#1107=EDGE_CURVE('',#923,#921,#441,.T.);
#1108=EDGE_CURVE('',#920,#922,#442,.T.);
#1109=EDGE_CURVE('',#924,#925,#443,.T.);
#1110=EDGE_CURVE('',#925,#923,#798,.T.);
#1111=EDGE_CURVE('',#922,#924,#799,.T.);
#1112=EDGE_CURVE('',#926,#927,#444,.T.);
#1113=EDGE_CURVE('',#927,#925,#445,.T.);
#1114=EDGE_CURVE('',#924,#926,#446,.T.);
#1115=EDGE_CURVE('',#928,#929,#447,.T.);
#1116=EDGE_CURVE('',#929,#927,#800,.T.);
#1117=EDGE_CURVE('',#926,#928,#801,.T.);
#1118=EDGE_CURVE('',#930,#931,#448,.T.);
#1119=EDGE_CURVE('',#931,#929,#449,.T.);
#1120=EDGE_CURVE('',#928,#930,#450,.T.);
#1121=EDGE_CURVE('',#932,#933,#451,.T.);
#1122=EDGE_CURVE('',#933,#931,#802,.T.);
#1123=EDGE_CURVE('',#930,#932,#803,.T.);
#1124=EDGE_CURVE('',#934,#935,#452,.T.);
#1125=EDGE_CURVE('',#935,#933,#453,.T.);
#1126=EDGE_CURVE('',#932,#934,#454,.T.);
#1127=EDGE_CURVE('',#936,#937,#455,.T.);
#1128=EDGE_CURVE('',#937,#935,#804,.T.);
#1129=EDGE_CURVE('',#934,#936,#805,.T.);
#1130=EDGE_CURVE('',#938,#939,#456,.T.);
#1131=EDGE_CURVE('',#939,#937,#457,.T.);
#1132=EDGE_CURVE('',#936,#938,#458,.T.);
#1133=EDGE_CURVE('',#940,#941,#459,.T.);
#1134=EDGE_CURVE('',#941,#939,#806,.T.);
#1135=EDGE_CURVE('',#938,#940,#807,.T.);
#1136=EDGE_CURVE('',#942,#943,#460,.T.);
#1137=EDGE_CURVE('',#943,#941,#461,.T.);
#1138=EDGE_CURVE('',#940,#942,#462,.T.);
#1139=EDGE_CURVE('',#944,#945,#463,.T.);
#1140=EDGE_CURVE('',#945,#943,#808,.T.);
#1141=EDGE_CURVE('',#942,#944,#809,.T.);
#1142=EDGE_CURVE('',#946,#947,#464,.T.);
#1143=EDGE_CURVE('',#947,#945,#465,.T.);
#1144=EDGE_CURVE('',#944,#946,#466,.T.);
#1145=EDGE_CURVE('',#948,#949,#467,.T.);
#1146=EDGE_CURVE('',#949,#947,#810,.T.);
#1147=EDGE_CURVE('',#946,#948,#811,.T.);
#1148=EDGE_CURVE('',#950,#951,#468,.T.);
#1149=EDGE_CURVE('',#951,#949,#469,.T.);
#1150=EDGE_CURVE('',#948,#950,#470,.T.);
#1151=EDGE_CURVE('',#952,#953,#471,.T.);
#1152=EDGE_CURVE('',#953,#951,#812,.T.);
#1153=EDGE_CURVE('',#950,#952,#813,.T.);
#1154=EDGE_CURVE('',#954,#955,#472,.T.);
#1155=EDGE_CURVE('',#955,#953,#473,.T.);
#1156=EDGE_CURVE('',#952,#954,#474,.T.);
#1157=EDGE_CURVE('',#910,#955,#814,.T.);
#1158=EDGE_CURVE('',#954,#911,#815,.T.);
#1159=EDGE_CURVE('',#937,#956,#475,.T.);
#1160=EDGE_CURVE('',#957,#956,#816,.T.);
#1161=EDGE_CURVE('',#935,#957,#476,.T.);
#1162=EDGE_CURVE('',#939,#958,#477,.T.);
#1163=EDGE_CURVE('',#888,#958,#478,.T.);
#1164=EDGE_CURVE('',#956,#890,#479,.T.);
#1165=EDGE_CURVE('',#959,#959,#817,.T.);
#1166=EDGE_CURVE('',#941,#960,#480,.T.);
#1167=EDGE_CURVE('',#958,#960,#818,.T.);
#1168=EDGE_CURVE('',#943,#961,#481,.T.);
#1169=EDGE_CURVE('',#960,#961,#482,.T.);
#1170=EDGE_CURVE('',#945,#962,#483,.T.);
#1171=EDGE_CURVE('',#961,#962,#819,.T.);
#1172=EDGE_CURVE('',#947,#963,#484,.T.);
#1173=EDGE_CURVE('',#907,#963,#485,.T.);
#1174=EDGE_CURVE('',#962,#906,#486,.T.);
#1175=EDGE_CURVE('',#964,#964,#820,.T.);
#1176=EDGE_CURVE('',#949,#965,#487,.T.);
#1177=EDGE_CURVE('',#963,#965,#821,.T.);
#1178=EDGE_CURVE('',#951,#966,#488,.T.);
#1179=EDGE_CURVE('',#965,#966,#489,.T.);
#1180=EDGE_CURVE('',#953,#967,#490,.T.);
#1181=EDGE_CURVE('',#966,#967,#822,.T.);
#1182=EDGE_CURVE('',#955,#968,#491,.T.);
#1183=EDGE_CURVE('',#902,#968,#492,.T.);
#1184=EDGE_CURVE('',#967,#904,#493,.T.);
#1185=EDGE_CURVE('',#969,#969,#823,.T.);
#1186=EDGE_CURVE('',#910,#970,#494,.T.);
#1187=EDGE_CURVE('',#968,#970,#824,.T.);
#1188=EDGE_CURVE('',#909,#971,#495,.T.);
#1189=EDGE_CURVE('',#970,#971,#496,.T.);
#1190=EDGE_CURVE('',#972,#972,#825,.T.);
#1191=EDGE_CURVE('',#973,#973,#826,.T.);
#1192=EDGE_CURVE('',#974,#974,#827,.T.);
#1193=EDGE_CURVE('',#975,#975,#828,.T.);
#1194=EDGE_CURVE('',#976,#976,#829,.T.);
#1195=EDGE_CURVE('',#977,#977,#830,.T.);
#1196=EDGE_CURVE('',#978,#978,#831,.T.);
#1197=EDGE_CURVE('',#979,#979,#832,.T.);
#1198=EDGE_CURVE('',#979,#980,#497,.T.);
#1199=EDGE_CURVE('',#980,#981,#833,.T.);
#1200=EDGE_CURVE('',#981,#980,#834,.T.);
#1201=EDGE_CURVE('',#981,#982,#498,.T.);
#1202=EDGE_CURVE('',#983,#982,#835,.T.);
#1203=EDGE_CURVE('',#982,#983,#836,.T.);
#1204=EDGE_CURVE('',#984,#984,#837,.T.);
#1205=EDGE_CURVE('',#985,#985,#838,.T.);
#1206=EDGE_CURVE('',#986,#986,#839,.T.);
#1207=EDGE_CURVE('',#987,#987,#840,.T.);
#1208=EDGE_CURVE('',#988,#988,#841,.T.);
#1209=EDGE_CURVE('',#989,#989,#842,.T.);
#1210=EDGE_CURVE('',#990,#990,#843,.T.);
#1211=EDGE_CURVE('',#958,#991,#499,.T.);
#1212=EDGE_CURVE('',#991,#887,#500,.T.);
#1213=EDGE_CURVE('',#960,#992,#501,.T.);
#1214=EDGE_CURVE('',#992,#991,#844,.T.);
#1215=EDGE_CURVE('',#961,#993,#502,.T.);
#1216=EDGE_CURVE('',#993,#992,#503,.T.);
#1217=EDGE_CURVE('',#962,#994,#504,.T.);
#1218=EDGE_CURVE('',#994,#993,#845,.T.);
#1219=EDGE_CURVE('',#894,#994,#505,.T.);
#1220=EDGE_CURVE('',#874,#995,#506,.T.);
#1221=EDGE_CURVE('',#995,#996,#507,.T.);
#1222=EDGE_CURVE('',#996,#873,#508,.T.);
#1223=EDGE_CURVE('',#997,#998,#509,.T.);
#1224=EDGE_CURVE('',#998,#996,#846,.T.);
#1225=EDGE_CURVE('',#995,#997,#847,.T.);
#1226=EDGE_CURVE('',#999,#1000,#510,.T.);
#1227=EDGE_CURVE('',#1000,#998,#511,.T.);
#1228=EDGE_CURVE('',#997,#999,#512,.T.);
#1229=EDGE_CURVE('',#1001,#1002,#513,.T.);
#1230=EDGE_CURVE('',#1002,#1000,#848,.T.);
#1231=EDGE_CURVE('',#999,#1001,#849,.T.);
#1232=EDGE_CURVE('',#880,#1002,#514,.T.);
#1233=EDGE_CURVE('',#1001,#892,#515,.T.);
#1234=EDGE_CURVE('',#931,#1003,#516,.T.);
#1235=EDGE_CURVE('',#893,#1003,#517,.T.);
#1236=EDGE_CURVE('',#929,#1001,#518,.T.);
#1237=EDGE_CURVE('',#1004,#1004,#850,.T.);
#1238=EDGE_CURVE('',#927,#999,#519,.T.);
#1239=EDGE_CURVE('',#925,#997,#520,.T.);
#1240=EDGE_CURVE('',#923,#995,#521,.T.);
#1241=EDGE_CURVE('',#1005,#876,#522,.T.);
#1242=EDGE_CURVE('',#921,#1005,#523,.T.);
#1243=EDGE_CURVE('',#1006,#1006,#851,.T.);
#1244=EDGE_CURVE('',#968,#1007,#524,.T.);
#1245=EDGE_CURVE('',#1007,#901,#525,.T.);
#1246=EDGE_CURVE('',#970,#1008,#526,.T.);
#1247=EDGE_CURVE('',#1008,#1007,#852,.T.);
#1248=EDGE_CURVE('',#971,#1009,#527,.T.);
#1249=EDGE_CURVE('',#1009,#1008,#528,.T.);
#1250=EDGE_CURVE('',#1010,#1011,#529,.T.);
#1251=EDGE_CURVE('',#1011,#1009,#853,.T.);
#1252=EDGE_CURVE('',#971,#1010,#854,.T.);
#1253=EDGE_CURVE('',#866,#1011,#530,.T.);
#1254=EDGE_CURVE('',#1010,#878,#531,.T.);
#1255=EDGE_CURVE('',#915,#1012,#532,.T.);
#1256=EDGE_CURVE('',#879,#1012,#533,.T.);
#1257=EDGE_CURVE('',#913,#1010,#534,.T.);
#1258=EDGE_CURVE('',#1013,#1013,#855,.T.);
#1259=EDGE_CURVE('',#1014,#1014,#856,.T.);
#1260=EDGE_CURVE('',#1014,#983,#535,.T.);
#1261=EDGE_CURVE('',#964,#969,#536,.T.);
#1262=EDGE_CURVE('',#1004,#959,#537,.T.);
#1263=EDGE_CURVE('',#1013,#1006,#538,.T.);
#1264=EDGE_CURVE('',#890,#1015,#539,.T.);
#1265=EDGE_CURVE('',#1015,#1016,#540,.T.);
#1266=EDGE_CURVE('',#1016,#956,#541,.T.);
#1267=EDGE_CURVE('',#891,#1017,#542,.T.);
#1268=EDGE_CURVE('',#1017,#1015,#543,.T.);
#1269=EDGE_CURVE('',#1015,#889,#544,.T.);
#1270=EDGE_CURVE('',#1003,#1018,#545,.T.);
#1271=EDGE_CURVE('',#1018,#1017,#546,.T.);
#1272=EDGE_CURVE('',#1017,#893,#547,.T.);
#1273=EDGE_CURVE('',#957,#1016,#548,.T.);
#1274=EDGE_CURVE('',#1016,#1018,#549,.T.);
#1275=EDGE_CURVE('',#1018,#1019,#550,.T.);
#1276=EDGE_CURVE('',#1019,#957,#551,.T.);
#1277=EDGE_CURVE('',#1003,#1019,#857,.T.);
#1278=EDGE_CURVE('',#933,#1019,#552,.T.);
#1279=EDGE_CURVE('',#1012,#1020,#553,.T.);
#1280=EDGE_CURVE('',#1020,#1021,#554,.T.);
#1281=EDGE_CURVE('',#1021,#879,#555,.T.);
#1282=EDGE_CURVE('',#1022,#1023,#556,.T.);
#1283=EDGE_CURVE('',#1023,#1020,#557,.T.);
#1284=EDGE_CURVE('',#1020,#1024,#558,.T.);
#1285=EDGE_CURVE('',#1024,#1022,#559,.T.);
#1286=EDGE_CURVE('',#1012,#1024,#858,.T.);
#1287=EDGE_CURVE('',#876,#1025,#560,.T.);
#1288=EDGE_CURVE('',#1025,#1023,#561,.T.);
#1289=EDGE_CURVE('',#1023,#1005,#562,.T.);
#1290=EDGE_CURVE('',#1022,#1005,#859,.T.);
#1291=EDGE_CURVE('',#877,#1021,#563,.T.);
#1292=EDGE_CURVE('',#1021,#1025,#564,.T.);
#1293=EDGE_CURVE('',#1025,#875,#565,.T.);
#1294=EDGE_CURVE('',#917,#1024,#566,.T.);
#1295=EDGE_CURVE('',#963,#1026,#567,.T.);
#1296=EDGE_CURVE('',#1026,#1027,#568,.T.);
#1297=EDGE_CURVE('',#1027,#907,#569,.T.);
#1298=EDGE_CURVE('',#966,#1028,#570,.T.);
#1299=EDGE_CURVE('',#1028,#1026,#571,.T.);
#1300=EDGE_CURVE('',#1026,#965,#572,.T.);
#1301=EDGE_CURVE('',#904,#1029,#573,.T.);
#1302=EDGE_CURVE('',#1029,#1028,#574,.T.);
#1303=EDGE_CURVE('',#1028,#967,#575,.T.);
#1304=EDGE_CURVE('',#905,#1027,#576,.T.);
#1305=EDGE_CURVE('',#1027,#1029,#577,.T.);
#1306=EDGE_CURVE('',#1029,#903,#578,.T.);
#1307=EDGE_CURVE('',#919,#1022,#579,.T.);
#1308=EDGE_CURVE('',#984,#978,#580,.T.);
#1309=EDGE_CURVE('',#985,#977,#581,.T.);
#1310=EDGE_CURVE('',#986,#976,#582,.T.);
#1311=EDGE_CURVE('',#987,#975,#583,.T.);
#1312=EDGE_CURVE('',#988,#974,#584,.T.);
#1313=EDGE_CURVE('',#989,#973,#585,.T.);
#1314=EDGE_CURVE('',#990,#972,#586,.T.);
#1315=ORIENTED_EDGE('',*,*,#1030,.T.);
#1316=ORIENTED_EDGE('',*,*,#1031,.T.);
#1317=ORIENTED_EDGE('',*,*,#1032,.T.);
#1318=ORIENTED_EDGE('',*,*,#1033,.T.);
#1319=ORIENTED_EDGE('',*,*,#1034,.T.);
#1320=ORIENTED_EDGE('',*,*,#1035,.T.);
#1321=ORIENTED_EDGE('',*,*,#1032,.F.);
#1322=ORIENTED_EDGE('',*,*,#1036,.T.);
#1323=ORIENTED_EDGE('',*,*,#1037,.T.);
#1324=ORIENTED_EDGE('',*,*,#1038,.T.);
#1325=ORIENTED_EDGE('',*,*,#1034,.F.);
#1326=ORIENTED_EDGE('',*,*,#1039,.T.);
#1327=ORIENTED_EDGE('',*,*,#1040,.F.);
#1328=ORIENTED_EDGE('',*,*,#1039,.F.);
#1329=ORIENTED_EDGE('',*,*,#1041,.T.);
#1330=ORIENTED_EDGE('',*,*,#1042,.F.);
#1331=ORIENTED_EDGE('',*,*,#1043,.F.);
#1332=ORIENTED_EDGE('',*,*,#1036,.F.);
#1333=ORIENTED_EDGE('',*,*,#1044,.T.);
#1334=ORIENTED_EDGE('',*,*,#1045,.F.);
#1335=ORIENTED_EDGE('',*,*,#1041,.F.);
#1336=ORIENTED_EDGE('',*,*,#1031,.F.);
#1337=ORIENTED_EDGE('',*,*,#1046,.F.);
#1338=ORIENTED_EDGE('',*,*,#1047,.T.);
#1339=ORIENTED_EDGE('',*,*,#1048,.F.);
#1340=ORIENTED_EDGE('',*,*,#1044,.F.);
#1341=ORIENTED_EDGE('',*,*,#1049,.T.);
#1342=ORIENTED_EDGE('',*,*,#1050,.T.);
#1343=ORIENTED_EDGE('',*,*,#1051,.T.);
#1344=ORIENTED_EDGE('',*,*,#1052,.T.);
#1345=ORIENTED_EDGE('',*,*,#1053,.T.);
#1346=ORIENTED_EDGE('',*,*,#1054,.T.);
#1347=ORIENTED_EDGE('',*,*,#1051,.F.);
#1348=ORIENTED_EDGE('',*,*,#1055,.T.);
#1349=ORIENTED_EDGE('',*,*,#1056,.T.);
#1350=ORIENTED_EDGE('',*,*,#1057,.T.);
#1351=ORIENTED_EDGE('',*,*,#1053,.F.);
#1352=ORIENTED_EDGE('',*,*,#1058,.T.);
#1353=ORIENTED_EDGE('',*,*,#1059,.F.);
#1354=ORIENTED_EDGE('',*,*,#1058,.F.);
#1355=ORIENTED_EDGE('',*,*,#1060,.T.);
#1356=ORIENTED_EDGE('',*,*,#1061,.F.);
#1357=ORIENTED_EDGE('',*,*,#1062,.F.);
#1358=ORIENTED_EDGE('',*,*,#1055,.F.);
#1359=ORIENTED_EDGE('',*,*,#1063,.T.);
#1360=ORIENTED_EDGE('',*,*,#1064,.F.);
#1361=ORIENTED_EDGE('',*,*,#1060,.F.);
#1362=ORIENTED_EDGE('',*,*,#1050,.F.);
#1363=ORIENTED_EDGE('',*,*,#1065,.F.);
#1364=ORIENTED_EDGE('',*,*,#1066,.T.);
#1365=ORIENTED_EDGE('',*,*,#1067,.F.);
#1366=ORIENTED_EDGE('',*,*,#1063,.F.);
#1367=ORIENTED_EDGE('',*,*,#1068,.T.);
#1368=ORIENTED_EDGE('',*,*,#1069,.T.);
#1369=ORIENTED_EDGE('',*,*,#1070,.T.);
#1370=ORIENTED_EDGE('',*,*,#1071,.T.);
#1371=ORIENTED_EDGE('',*,*,#1072,.T.);
#1372=ORIENTED_EDGE('',*,*,#1073,.T.);
#1373=ORIENTED_EDGE('',*,*,#1070,.F.);
#1374=ORIENTED_EDGE('',*,*,#1074,.T.);
#1375=ORIENTED_EDGE('',*,*,#1075,.T.);
#1376=ORIENTED_EDGE('',*,*,#1076,.T.);
#1377=ORIENTED_EDGE('',*,*,#1072,.F.);
#1378=ORIENTED_EDGE('',*,*,#1077,.T.);
#1379=ORIENTED_EDGE('',*,*,#1078,.F.);
#1380=ORIENTED_EDGE('',*,*,#1077,.F.);
#1381=ORIENTED_EDGE('',*,*,#1079,.T.);
#1382=ORIENTED_EDGE('',*,*,#1080,.F.);
#1383=ORIENTED_EDGE('',*,*,#1081,.F.);
#1384=ORIENTED_EDGE('',*,*,#1074,.F.);
#1385=ORIENTED_EDGE('',*,*,#1082,.T.);
#1386=ORIENTED_EDGE('',*,*,#1083,.F.);
#1387=ORIENTED_EDGE('',*,*,#1079,.F.);
#1388=ORIENTED_EDGE('',*,*,#1069,.F.);
#1389=ORIENTED_EDGE('',*,*,#1084,.F.);
#1390=ORIENTED_EDGE('',*,*,#1085,.T.);
#1391=ORIENTED_EDGE('',*,*,#1086,.F.);
#1392=ORIENTED_EDGE('',*,*,#1082,.F.);
#1393=ORIENTED_EDGE('',*,*,#1087,.T.);
#1394=ORIENTED_EDGE('',*,*,#1088,.T.);
#1395=ORIENTED_EDGE('',*,*,#1089,.T.);
#1396=ORIENTED_EDGE('',*,*,#1090,.T.);
#1397=ORIENTED_EDGE('',*,*,#1091,.T.);
#1398=ORIENTED_EDGE('',*,*,#1092,.T.);
#1399=ORIENTED_EDGE('',*,*,#1087,.F.);
#1400=ORIENTED_EDGE('',*,*,#1093,.T.);
#1401=ORIENTED_EDGE('',*,*,#1094,.T.);
#1402=ORIENTED_EDGE('',*,*,#1095,.T.);
#1403=ORIENTED_EDGE('',*,*,#1091,.F.);
#1404=ORIENTED_EDGE('',*,*,#1096,.T.);
#1405=ORIENTED_EDGE('',*,*,#1097,.T.);
#1406=ORIENTED_EDGE('',*,*,#1098,.T.);
#1407=ORIENTED_EDGE('',*,*,#1094,.F.);
#1408=ORIENTED_EDGE('',*,*,#1099,.T.);
#1409=ORIENTED_EDGE('',*,*,#1100,.T.);
#1410=ORIENTED_EDGE('',*,*,#1101,.T.);
#1411=ORIENTED_EDGE('',*,*,#1097,.F.);
#1412=ORIENTED_EDGE('',*,*,#1102,.T.);
#1413=ORIENTED_EDGE('',*,*,#1103,.T.);
#1414=ORIENTED_EDGE('',*,*,#1104,.T.);
#1415=ORIENTED_EDGE('',*,*,#1100,.F.);
#1416=ORIENTED_EDGE('',*,*,#1105,.T.);
#1417=ORIENTED_EDGE('',*,*,#1106,.T.);
#1418=ORIENTED_EDGE('',*,*,#1107,.T.);
#1419=ORIENTED_EDGE('',*,*,#1103,.F.);
#1420=ORIENTED_EDGE('',*,*,#1108,.T.);
#1421=ORIENTED_EDGE('',*,*,#1109,.T.);
#1422=ORIENTED_EDGE('',*,*,#1110,.T.);
#1423=ORIENTED_EDGE('',*,*,#1106,.F.);
#1424=ORIENTED_EDGE('',*,*,#1111,.T.);
#1425=ORIENTED_EDGE('',*,*,#1112,.T.);
#1426=ORIENTED_EDGE('',*,*,#1113,.T.);
#1427=ORIENTED_EDGE('',*,*,#1109,.F.);
#1428=ORIENTED_EDGE('',*,*,#1114,.T.);
#1429=ORIENTED_EDGE('',*,*,#1115,.T.);
#1430=ORIENTED_EDGE('',*,*,#1116,.T.);
#1431=ORIENTED_EDGE('',*,*,#1112,.F.);
#1432=ORIENTED_EDGE('',*,*,#1117,.T.);
#1433=ORIENTED_EDGE('',*,*,#1118,.T.);
#1434=ORIENTED_EDGE('',*,*,#1119,.T.);
#1435=ORIENTED_EDGE('',*,*,#1115,.F.);
#1436=ORIENTED_EDGE('',*,*,#1120,.T.);
#1437=ORIENTED_EDGE('',*,*,#1121,.T.);
#1438=ORIENTED_EDGE('',*,*,#1122,.T.);
#1439=ORIENTED_EDGE('',*,*,#1118,.F.);
#1440=ORIENTED_EDGE('',*,*,#1123,.T.);
#1441=ORIENTED_EDGE('',*,*,#1124,.T.);
#1442=ORIENTED_EDGE('',*,*,#1125,.T.);
#1443=ORIENTED_EDGE('',*,*,#1121,.F.);
#1444=ORIENTED_EDGE('',*,*,#1126,.T.);
#1445=ORIENTED_EDGE('',*,*,#1127,.T.);
#1446=ORIENTED_EDGE('',*,*,#1128,.T.);
#1447=ORIENTED_EDGE('',*,*,#1124,.F.);
#1448=ORIENTED_EDGE('',*,*,#1129,.T.);
#1449=ORIENTED_EDGE('',*,*,#1130,.T.);
#1450=ORIENTED_EDGE('',*,*,#1131,.T.);
#1451=ORIENTED_EDGE('',*,*,#1127,.F.);
#1452=ORIENTED_EDGE('',*,*,#1132,.T.);
#1453=ORIENTED_EDGE('',*,*,#1133,.T.);
#1454=ORIENTED_EDGE('',*,*,#1134,.T.);
#1455=ORIENTED_EDGE('',*,*,#1130,.F.);
#1456=ORIENTED_EDGE('',*,*,#1135,.T.);
#1457=ORIENTED_EDGE('',*,*,#1136,.T.);
#1458=ORIENTED_EDGE('',*,*,#1137,.T.);
#1459=ORIENTED_EDGE('',*,*,#1133,.F.);
#1460=ORIENTED_EDGE('',*,*,#1138,.T.);
#1461=ORIENTED_EDGE('',*,*,#1139,.T.);
#1462=ORIENTED_EDGE('',*,*,#1140,.T.);
#1463=ORIENTED_EDGE('',*,*,#1136,.F.);
#1464=ORIENTED_EDGE('',*,*,#1141,.T.);
#1465=ORIENTED_EDGE('',*,*,#1142,.T.);
#1466=ORIENTED_EDGE('',*,*,#1143,.T.);
#1467=ORIENTED_EDGE('',*,*,#1139,.F.);
#1468=ORIENTED_EDGE('',*,*,#1144,.T.);
#1469=ORIENTED_EDGE('',*,*,#1145,.T.);
#1470=ORIENTED_EDGE('',*,*,#1146,.T.);
#1471=ORIENTED_EDGE('',*,*,#1142,.F.);
#1472=ORIENTED_EDGE('',*,*,#1147,.T.);
#1473=ORIENTED_EDGE('',*,*,#1148,.T.);
#1474=ORIENTED_EDGE('',*,*,#1149,.T.);
#1475=ORIENTED_EDGE('',*,*,#1145,.F.);
#1476=ORIENTED_EDGE('',*,*,#1150,.T.);
#1477=ORIENTED_EDGE('',*,*,#1151,.T.);
#1478=ORIENTED_EDGE('',*,*,#1152,.T.);
#1479=ORIENTED_EDGE('',*,*,#1148,.F.);
#1480=ORIENTED_EDGE('',*,*,#1153,.T.);
#1481=ORIENTED_EDGE('',*,*,#1154,.T.);
#1482=ORIENTED_EDGE('',*,*,#1155,.T.);
#1483=ORIENTED_EDGE('',*,*,#1151,.F.);
#1484=ORIENTED_EDGE('',*,*,#1156,.T.);
#1485=ORIENTED_EDGE('',*,*,#1089,.F.);
#1486=ORIENTED_EDGE('',*,*,#1157,.T.);
#1487=ORIENTED_EDGE('',*,*,#1154,.F.);
#1488=ORIENTED_EDGE('',*,*,#1158,.T.);
#1489=ORIENTED_EDGE('',*,*,#1128,.F.);
#1490=ORIENTED_EDGE('',*,*,#1159,.T.);
#1491=ORIENTED_EDGE('',*,*,#1160,.F.);
#1492=ORIENTED_EDGE('',*,*,#1161,.F.);
#1493=ORIENTED_EDGE('',*,*,#1131,.F.);
#1494=ORIENTED_EDGE('',*,*,#1162,.T.);
#1495=ORIENTED_EDGE('',*,*,#1163,.F.);
#1496=ORIENTED_EDGE('',*,*,#1062,.T.);
#1497=ORIENTED_EDGE('',*,*,#1164,.F.);
#1498=ORIENTED_EDGE('',*,*,#1159,.F.);
#1499=ORIENTED_EDGE('',*,*,#1165,.T.);
#1500=ORIENTED_EDGE('',*,*,#1134,.F.);
#1501=ORIENTED_EDGE('',*,*,#1166,.T.);
#1502=ORIENTED_EDGE('',*,*,#1167,.F.);
#1503=ORIENTED_EDGE('',*,*,#1162,.F.);
#1504=ORIENTED_EDGE('',*,*,#1137,.F.);
#1505=ORIENTED_EDGE('',*,*,#1168,.T.);
#1506=ORIENTED_EDGE('',*,*,#1169,.F.);
#1507=ORIENTED_EDGE('',*,*,#1166,.F.);
#1508=ORIENTED_EDGE('',*,*,#1140,.F.);
#1509=ORIENTED_EDGE('',*,*,#1170,.T.);
#1510=ORIENTED_EDGE('',*,*,#1171,.F.);
#1511=ORIENTED_EDGE('',*,*,#1168,.F.);
#1512=ORIENTED_EDGE('',*,*,#1143,.F.);
#1513=ORIENTED_EDGE('',*,*,#1172,.T.);
#1514=ORIENTED_EDGE('',*,*,#1173,.F.);
#1515=ORIENTED_EDGE('',*,*,#1085,.F.);
#1516=ORIENTED_EDGE('',*,*,#1174,.F.);
#1517=ORIENTED_EDGE('',*,*,#1170,.F.);
#1518=ORIENTED_EDGE('',*,*,#1175,.T.);
#1519=ORIENTED_EDGE('',*,*,#1146,.F.);
#1520=ORIENTED_EDGE('',*,*,#1176,.T.);
#1521=ORIENTED_EDGE('',*,*,#1177,.F.);
#1522=ORIENTED_EDGE('',*,*,#1172,.F.);
#1523=ORIENTED_EDGE('',*,*,#1149,.F.);
#1524=ORIENTED_EDGE('',*,*,#1178,.T.);
#1525=ORIENTED_EDGE('',*,*,#1179,.F.);
#1526=ORIENTED_EDGE('',*,*,#1176,.F.);
#1527=ORIENTED_EDGE('',*,*,#1152,.F.);
#1528=ORIENTED_EDGE('',*,*,#1180,.T.);
#1529=ORIENTED_EDGE('',*,*,#1181,.F.);
#1530=ORIENTED_EDGE('',*,*,#1178,.F.);
#1531=ORIENTED_EDGE('',*,*,#1155,.F.);
#1532=ORIENTED_EDGE('',*,*,#1182,.T.);
#1533=ORIENTED_EDGE('',*,*,#1183,.F.);
#1534=ORIENTED_EDGE('',*,*,#1081,.T.);
#1535=ORIENTED_EDGE('',*,*,#1184,.F.);
#1536=ORIENTED_EDGE('',*,*,#1180,.F.);
#1537=ORIENTED_EDGE('',*,*,#1185,.T.);
#1538=ORIENTED_EDGE('',*,*,#1157,.F.);
#1539=ORIENTED_EDGE('',*,*,#1186,.T.);
#1540=ORIENTED_EDGE('',*,*,#1187,.F.);
#1541=ORIENTED_EDGE('',*,*,#1182,.F.);
#1542=ORIENTED_EDGE('',*,*,#1088,.F.);
#1543=ORIENTED_EDGE('',*,*,#1188,.T.);
#1544=ORIENTED_EDGE('',*,*,#1189,.F.);
#1545=ORIENTED_EDGE('',*,*,#1186,.F.);
#1546=ORIENTED_EDGE('',*,*,#1090,.F.);
#1547=ORIENTED_EDGE('',*,*,#1158,.F.);
#1548=ORIENTED_EDGE('',*,*,#1156,.F.);
#1549=ORIENTED_EDGE('',*,*,#1153,.F.);
#1550=ORIENTED_EDGE('',*,*,#1150,.F.);
#1551=ORIENTED_EDGE('',*,*,#1147,.F.);
#1552=ORIENTED_EDGE('',*,*,#1144,.F.);
#1553=ORIENTED_EDGE('',*,*,#1141,.F.);
#1554=ORIENTED_EDGE('',*,*,#1138,.F.);
#1555=ORIENTED_EDGE('',*,*,#1135,.F.);
#1556=ORIENTED_EDGE('',*,*,#1132,.F.);
#1557=ORIENTED_EDGE('',*,*,#1129,.F.);
#1558=ORIENTED_EDGE('',*,*,#1126,.F.);
#1559=ORIENTED_EDGE('',*,*,#1123,.F.);
#1560=ORIENTED_EDGE('',*,*,#1120,.F.);
#1561=ORIENTED_EDGE('',*,*,#1117,.F.);
#1562=ORIENTED_EDGE('',*,*,#1114,.F.);
#1563=ORIENTED_EDGE('',*,*,#1111,.F.);
#1564=ORIENTED_EDGE('',*,*,#1108,.F.);
#1565=ORIENTED_EDGE('',*,*,#1105,.F.);
#1566=ORIENTED_EDGE('',*,*,#1102,.F.);
#1567=ORIENTED_EDGE('',*,*,#1099,.F.);
#1568=ORIENTED_EDGE('',*,*,#1096,.F.);
#1569=ORIENTED_EDGE('',*,*,#1093,.F.);
#1570=ORIENTED_EDGE('',*,*,#1190,.F.);
#1571=ORIENTED_EDGE('',*,*,#1191,.F.);
#1572=ORIENTED_EDGE('',*,*,#1192,.F.);
#1573=ORIENTED_EDGE('',*,*,#1193,.F.);
#1574=ORIENTED_EDGE('',*,*,#1194,.F.);
#1575=ORIENTED_EDGE('',*,*,#1195,.F.);
#1576=ORIENTED_EDGE('',*,*,#1196,.F.);
#1577=ORIENTED_EDGE('',*,*,#1197,.T.);
#1578=ORIENTED_EDGE('',*,*,#1198,.T.);
#1579=ORIENTED_EDGE('',*,*,#1199,.T.);
#1580=ORIENTED_EDGE('',*,*,#1200,.T.);
#1581=ORIENTED_EDGE('',*,*,#1198,.F.);
#1582=ORIENTED_EDGE('',*,*,#1199,.F.);
#1583=ORIENTED_EDGE('',*,*,#1200,.F.);
#1584=ORIENTED_EDGE('',*,*,#1201,.T.);
#1585=ORIENTED_EDGE('',*,*,#1202,.F.);
#1586=ORIENTED_EDGE('',*,*,#1203,.F.);
#1587=ORIENTED_EDGE('',*,*,#1201,.F.);
#1588=ORIENTED_EDGE('',*,*,#1197,.F.);
#1589=ORIENTED_EDGE('',*,*,#1204,.T.);
#1590=ORIENTED_EDGE('',*,*,#1205,.T.);
#1591=ORIENTED_EDGE('',*,*,#1206,.T.);
#1592=ORIENTED_EDGE('',*,*,#1207,.T.);
#1593=ORIENTED_EDGE('',*,*,#1208,.T.);
#1594=ORIENTED_EDGE('',*,*,#1209,.T.);
#1595=ORIENTED_EDGE('',*,*,#1210,.T.);
#1596=ORIENTED_EDGE('',*,*,#1059,.T.);
#1597=ORIENTED_EDGE('',*,*,#1163,.T.);
#1598=ORIENTED_EDGE('',*,*,#1211,.T.);
#1599=ORIENTED_EDGE('',*,*,#1212,.T.);
#1600=ORIENTED_EDGE('',*,*,#1056,.F.);
#1601=ORIENTED_EDGE('',*,*,#1213,.T.);
#1602=ORIENTED_EDGE('',*,*,#1214,.T.);
#1603=ORIENTED_EDGE('',*,*,#1211,.F.);
#1604=ORIENTED_EDGE('',*,*,#1167,.T.);
#1605=ORIENTED_EDGE('',*,*,#1215,.T.);
#1606=ORIENTED_EDGE('',*,*,#1216,.T.);
#1607=ORIENTED_EDGE('',*,*,#1213,.F.);
#1608=ORIENTED_EDGE('',*,*,#1169,.T.);
#1609=ORIENTED_EDGE('',*,*,#1217,.T.);
#1610=ORIENTED_EDGE('',*,*,#1218,.T.);
#1611=ORIENTED_EDGE('',*,*,#1215,.F.);
#1612=ORIENTED_EDGE('',*,*,#1171,.T.);
#1613=ORIENTED_EDGE('',*,*,#1084,.T.);
#1614=ORIENTED_EDGE('',*,*,#1068,.F.);
#1615=ORIENTED_EDGE('',*,*,#1219,.T.);
#1616=ORIENTED_EDGE('',*,*,#1217,.F.);
#1617=ORIENTED_EDGE('',*,*,#1174,.T.);
#1618=ORIENTED_EDGE('',*,*,#1040,.T.);
#1619=ORIENTED_EDGE('',*,*,#1220,.T.);
#1620=ORIENTED_EDGE('',*,*,#1221,.T.);
#1621=ORIENTED_EDGE('',*,*,#1222,.T.);
#1622=ORIENTED_EDGE('',*,*,#1037,.F.);
#1623=ORIENTED_EDGE('',*,*,#1223,.T.);
#1624=ORIENTED_EDGE('',*,*,#1224,.T.);
#1625=ORIENTED_EDGE('',*,*,#1221,.F.);
#1626=ORIENTED_EDGE('',*,*,#1225,.T.);
#1627=ORIENTED_EDGE('',*,*,#1226,.T.);
#1628=ORIENTED_EDGE('',*,*,#1227,.T.);
#1629=ORIENTED_EDGE('',*,*,#1223,.F.);
#1630=ORIENTED_EDGE('',*,*,#1228,.T.);
#1631=ORIENTED_EDGE('',*,*,#1229,.T.);
#1632=ORIENTED_EDGE('',*,*,#1230,.T.);
#1633=ORIENTED_EDGE('',*,*,#1226,.F.);
#1634=ORIENTED_EDGE('',*,*,#1231,.T.);
#1635=ORIENTED_EDGE('',*,*,#1065,.T.);
#1636=ORIENTED_EDGE('',*,*,#1049,.F.);
#1637=ORIENTED_EDGE('',*,*,#1232,.T.);
#1638=ORIENTED_EDGE('',*,*,#1229,.F.);
#1639=ORIENTED_EDGE('',*,*,#1233,.T.);
#1640=ORIENTED_EDGE('',*,*,#1119,.F.);
#1641=ORIENTED_EDGE('',*,*,#1234,.T.);
#1642=ORIENTED_EDGE('',*,*,#1235,.F.);
#1643=ORIENTED_EDGE('',*,*,#1066,.F.);
#1644=ORIENTED_EDGE('',*,*,#1233,.F.);
#1645=ORIENTED_EDGE('',*,*,#1236,.F.);
#1646=ORIENTED_EDGE('',*,*,#1237,.T.);
#1647=ORIENTED_EDGE('',*,*,#1116,.F.);
#1648=ORIENTED_EDGE('',*,*,#1236,.T.);
#1649=ORIENTED_EDGE('',*,*,#1231,.F.);
#1650=ORIENTED_EDGE('',*,*,#1238,.F.);
#1651=ORIENTED_EDGE('',*,*,#1113,.F.);
#1652=ORIENTED_EDGE('',*,*,#1238,.T.);
#1653=ORIENTED_EDGE('',*,*,#1228,.F.);
#1654=ORIENTED_EDGE('',*,*,#1239,.F.);
#1655=ORIENTED_EDGE('',*,*,#1110,.F.);
#1656=ORIENTED_EDGE('',*,*,#1239,.T.);
#1657=ORIENTED_EDGE('',*,*,#1225,.F.);
#1658=ORIENTED_EDGE('',*,*,#1240,.F.);
#1659=ORIENTED_EDGE('',*,*,#1107,.F.);
#1660=ORIENTED_EDGE('',*,*,#1240,.T.);
#1661=ORIENTED_EDGE('',*,*,#1220,.F.);
#1662=ORIENTED_EDGE('',*,*,#1043,.T.);
#1663=ORIENTED_EDGE('',*,*,#1241,.F.);
#1664=ORIENTED_EDGE('',*,*,#1242,.F.);
#1665=ORIENTED_EDGE('',*,*,#1243,.T.);
#1666=ORIENTED_EDGE('',*,*,#1078,.T.);
#1667=ORIENTED_EDGE('',*,*,#1183,.T.);
#1668=ORIENTED_EDGE('',*,*,#1244,.T.);
#1669=ORIENTED_EDGE('',*,*,#1245,.T.);
#1670=ORIENTED_EDGE('',*,*,#1075,.F.);
#1671=ORIENTED_EDGE('',*,*,#1246,.T.);
#1672=ORIENTED_EDGE('',*,*,#1247,.T.);
#1673=ORIENTED_EDGE('',*,*,#1244,.F.);
#1674=ORIENTED_EDGE('',*,*,#1187,.T.);
#1675=ORIENTED_EDGE('',*,*,#1248,.T.);
#1676=ORIENTED_EDGE('',*,*,#1249,.T.);
#1677=ORIENTED_EDGE('',*,*,#1246,.F.);
#1678=ORIENTED_EDGE('',*,*,#1189,.T.);
#1679=ORIENTED_EDGE('',*,*,#1250,.T.);
#1680=ORIENTED_EDGE('',*,*,#1251,.T.);
#1681=ORIENTED_EDGE('',*,*,#1248,.F.);
#1682=ORIENTED_EDGE('',*,*,#1252,.T.);
#1683=ORIENTED_EDGE('',*,*,#1046,.T.);
#1684=ORIENTED_EDGE('',*,*,#1030,.F.);
#1685=ORIENTED_EDGE('',*,*,#1253,.T.);
#1686=ORIENTED_EDGE('',*,*,#1250,.F.);
#1687=ORIENTED_EDGE('',*,*,#1254,.T.);
#1688=ORIENTED_EDGE('',*,*,#1095,.F.);
#1689=ORIENTED_EDGE('',*,*,#1255,.T.);
#1690=ORIENTED_EDGE('',*,*,#1256,.F.);
#1691=ORIENTED_EDGE('',*,*,#1047,.F.);
#1692=ORIENTED_EDGE('',*,*,#1254,.F.);
#1693=ORIENTED_EDGE('',*,*,#1257,.F.);
#1694=ORIENTED_EDGE('',*,*,#1258,.T.);
#1695=ORIENTED_EDGE('',*,*,#1092,.F.);
#1696=ORIENTED_EDGE('',*,*,#1257,.T.);
#1697=ORIENTED_EDGE('',*,*,#1252,.F.);
#1698=ORIENTED_EDGE('',*,*,#1188,.F.);
#1699=ORIENTED_EDGE('',*,*,#1259,.T.);
#1700=ORIENTED_EDGE('',*,*,#1260,.T.);
#1701=ORIENTED_EDGE('',*,*,#1202,.T.);
#1702=ORIENTED_EDGE('',*,*,#1203,.T.);
#1703=ORIENTED_EDGE('',*,*,#1260,.F.);
#1704=ORIENTED_EDGE('',*,*,#1038,.F.);
#1705=ORIENTED_EDGE('',*,*,#1222,.F.);
#1706=ORIENTED_EDGE('',*,*,#1224,.F.);
#1707=ORIENTED_EDGE('',*,*,#1227,.F.);
#1708=ORIENTED_EDGE('',*,*,#1230,.F.);
#1709=ORIENTED_EDGE('',*,*,#1232,.F.);
#1710=ORIENTED_EDGE('',*,*,#1052,.F.);
#1711=ORIENTED_EDGE('',*,*,#1054,.F.);
#1712=ORIENTED_EDGE('',*,*,#1057,.F.);
#1713=ORIENTED_EDGE('',*,*,#1212,.F.);
#1714=ORIENTED_EDGE('',*,*,#1214,.F.);
#1715=ORIENTED_EDGE('',*,*,#1216,.F.);
#1716=ORIENTED_EDGE('',*,*,#1218,.F.);
#1717=ORIENTED_EDGE('',*,*,#1219,.F.);
#1718=ORIENTED_EDGE('',*,*,#1071,.F.);
#1719=ORIENTED_EDGE('',*,*,#1073,.F.);
#1720=ORIENTED_EDGE('',*,*,#1076,.F.);
#1721=ORIENTED_EDGE('',*,*,#1245,.F.);
#1722=ORIENTED_EDGE('',*,*,#1247,.F.);
#1723=ORIENTED_EDGE('',*,*,#1249,.F.);
#1724=ORIENTED_EDGE('',*,*,#1251,.F.);
#1725=ORIENTED_EDGE('',*,*,#1253,.F.);
#1726=ORIENTED_EDGE('',*,*,#1033,.F.);
#1727=ORIENTED_EDGE('',*,*,#1035,.F.);
#1728=ORIENTED_EDGE('',*,*,#1259,.F.);
#1729=ORIENTED_EDGE('',*,*,#1175,.F.);
#1730=ORIENTED_EDGE('',*,*,#1261,.T.);
#1731=ORIENTED_EDGE('',*,*,#1185,.F.);
#1732=ORIENTED_EDGE('',*,*,#1261,.F.);
#1733=ORIENTED_EDGE('',*,*,#1237,.F.);
#1734=ORIENTED_EDGE('',*,*,#1262,.T.);
#1735=ORIENTED_EDGE('',*,*,#1165,.F.);
#1736=ORIENTED_EDGE('',*,*,#1262,.F.);
#1737=ORIENTED_EDGE('',*,*,#1258,.F.);
#1738=ORIENTED_EDGE('',*,*,#1263,.T.);
#1739=ORIENTED_EDGE('',*,*,#1243,.F.);
#1740=ORIENTED_EDGE('',*,*,#1263,.F.);
#1741=ORIENTED_EDGE('',*,*,#1264,.T.);
#1742=ORIENTED_EDGE('',*,*,#1265,.T.);
#1743=ORIENTED_EDGE('',*,*,#1266,.T.);
#1744=ORIENTED_EDGE('',*,*,#1164,.T.);
#1745=ORIENTED_EDGE('',*,*,#1267,.T.);
#1746=ORIENTED_EDGE('',*,*,#1268,.T.);
#1747=ORIENTED_EDGE('',*,*,#1269,.T.);
#1748=ORIENTED_EDGE('',*,*,#1064,.T.);
#1749=ORIENTED_EDGE('',*,*,#1269,.F.);
#1750=ORIENTED_EDGE('',*,*,#1264,.F.);
#1751=ORIENTED_EDGE('',*,*,#1061,.T.);
#1752=ORIENTED_EDGE('',*,*,#1270,.T.);
#1753=ORIENTED_EDGE('',*,*,#1271,.T.);
#1754=ORIENTED_EDGE('',*,*,#1272,.T.);
#1755=ORIENTED_EDGE('',*,*,#1235,.T.);
#1756=ORIENTED_EDGE('',*,*,#1272,.F.);
#1757=ORIENTED_EDGE('',*,*,#1267,.F.);
#1758=ORIENTED_EDGE('',*,*,#1067,.T.);
#1759=ORIENTED_EDGE('',*,*,#1273,.T.);
#1760=ORIENTED_EDGE('',*,*,#1274,.T.);
#1761=ORIENTED_EDGE('',*,*,#1275,.T.);
#1762=ORIENTED_EDGE('',*,*,#1276,.T.);
#1763=ORIENTED_EDGE('',*,*,#1275,.F.);
#1764=ORIENTED_EDGE('',*,*,#1270,.F.);
#1765=ORIENTED_EDGE('',*,*,#1277,.T.);
#1766=ORIENTED_EDGE('',*,*,#1266,.F.);
#1767=ORIENTED_EDGE('',*,*,#1273,.F.);
#1768=ORIENTED_EDGE('',*,*,#1160,.T.);
#1769=ORIENTED_EDGE('',*,*,#1125,.F.);
#1770=ORIENTED_EDGE('',*,*,#1161,.T.);
#1771=ORIENTED_EDGE('',*,*,#1276,.F.);
#1772=ORIENTED_EDGE('',*,*,#1278,.F.);
#1773=ORIENTED_EDGE('',*,*,#1265,.F.);
#1774=ORIENTED_EDGE('',*,*,#1268,.F.);
#1775=ORIENTED_EDGE('',*,*,#1271,.F.);
#1776=ORIENTED_EDGE('',*,*,#1274,.F.);
#1777=ORIENTED_EDGE('',*,*,#1279,.T.);
#1778=ORIENTED_EDGE('',*,*,#1280,.T.);
#1779=ORIENTED_EDGE('',*,*,#1281,.T.);
#1780=ORIENTED_EDGE('',*,*,#1256,.T.);
#1781=ORIENTED_EDGE('',*,*,#1282,.T.);
#1782=ORIENTED_EDGE('',*,*,#1283,.T.);
#1783=ORIENTED_EDGE('',*,*,#1284,.T.);
#1784=ORIENTED_EDGE('',*,*,#1285,.T.);
#1785=ORIENTED_EDGE('',*,*,#1284,.F.);
#1786=ORIENTED_EDGE('',*,*,#1279,.F.);
#1787=ORIENTED_EDGE('',*,*,#1286,.T.);
#1788=ORIENTED_EDGE('',*,*,#1287,.T.);
#1789=ORIENTED_EDGE('',*,*,#1288,.T.);
#1790=ORIENTED_EDGE('',*,*,#1289,.T.);
#1791=ORIENTED_EDGE('',*,*,#1241,.T.);
#1792=ORIENTED_EDGE('',*,*,#1289,.F.);
#1793=ORIENTED_EDGE('',*,*,#1282,.F.);
#1794=ORIENTED_EDGE('',*,*,#1290,.T.);
#1795=ORIENTED_EDGE('',*,*,#1291,.T.);
#1796=ORIENTED_EDGE('',*,*,#1292,.T.);
#1797=ORIENTED_EDGE('',*,*,#1293,.T.);
#1798=ORIENTED_EDGE('',*,*,#1045,.T.);
#1799=ORIENTED_EDGE('',*,*,#1293,.F.);
#1800=ORIENTED_EDGE('',*,*,#1287,.F.);
#1801=ORIENTED_EDGE('',*,*,#1042,.T.);
#1802=ORIENTED_EDGE('',*,*,#1281,.F.);
#1803=ORIENTED_EDGE('',*,*,#1291,.F.);
#1804=ORIENTED_EDGE('',*,*,#1048,.T.);
#1805=ORIENTED_EDGE('',*,*,#1098,.F.);
#1806=ORIENTED_EDGE('',*,*,#1294,.T.);
#1807=ORIENTED_EDGE('',*,*,#1286,.F.);
#1808=ORIENTED_EDGE('',*,*,#1255,.F.);
#1809=ORIENTED_EDGE('',*,*,#1280,.F.);
#1810=ORIENTED_EDGE('',*,*,#1283,.F.);
#1811=ORIENTED_EDGE('',*,*,#1288,.F.);
#1812=ORIENTED_EDGE('',*,*,#1292,.F.);
#1813=ORIENTED_EDGE('',*,*,#1295,.T.);
#1814=ORIENTED_EDGE('',*,*,#1296,.T.);
#1815=ORIENTED_EDGE('',*,*,#1297,.T.);
#1816=ORIENTED_EDGE('',*,*,#1173,.T.);
#1817=ORIENTED_EDGE('',*,*,#1298,.T.);
#1818=ORIENTED_EDGE('',*,*,#1299,.T.);
#1819=ORIENTED_EDGE('',*,*,#1300,.T.);
#1820=ORIENTED_EDGE('',*,*,#1179,.T.);
#1821=ORIENTED_EDGE('',*,*,#1300,.F.);
#1822=ORIENTED_EDGE('',*,*,#1295,.F.);
#1823=ORIENTED_EDGE('',*,*,#1177,.T.);
#1824=ORIENTED_EDGE('',*,*,#1301,.T.);
#1825=ORIENTED_EDGE('',*,*,#1302,.T.);
#1826=ORIENTED_EDGE('',*,*,#1303,.T.);
#1827=ORIENTED_EDGE('',*,*,#1184,.T.);
#1828=ORIENTED_EDGE('',*,*,#1303,.F.);
#1829=ORIENTED_EDGE('',*,*,#1298,.F.);
#1830=ORIENTED_EDGE('',*,*,#1181,.T.);
#1831=ORIENTED_EDGE('',*,*,#1304,.T.);
#1832=ORIENTED_EDGE('',*,*,#1305,.T.);
#1833=ORIENTED_EDGE('',*,*,#1306,.T.);
#1834=ORIENTED_EDGE('',*,*,#1083,.T.);
#1835=ORIENTED_EDGE('',*,*,#1306,.F.);
#1836=ORIENTED_EDGE('',*,*,#1301,.F.);
#1837=ORIENTED_EDGE('',*,*,#1080,.T.);
#1838=ORIENTED_EDGE('',*,*,#1297,.F.);
#1839=ORIENTED_EDGE('',*,*,#1304,.F.);
#1840=ORIENTED_EDGE('',*,*,#1086,.T.);
#1841=ORIENTED_EDGE('',*,*,#1296,.F.);
#1842=ORIENTED_EDGE('',*,*,#1299,.F.);
#1843=ORIENTED_EDGE('',*,*,#1302,.F.);
#1844=ORIENTED_EDGE('',*,*,#1305,.F.);
#1845=ORIENTED_EDGE('',*,*,#1122,.F.);
#1846=ORIENTED_EDGE('',*,*,#1278,.T.);
#1847=ORIENTED_EDGE('',*,*,#1277,.F.);
#1848=ORIENTED_EDGE('',*,*,#1234,.F.);
#1849=ORIENTED_EDGE('',*,*,#1104,.F.);
#1850=ORIENTED_EDGE('',*,*,#1242,.T.);
#1851=ORIENTED_EDGE('',*,*,#1290,.F.);
#1852=ORIENTED_EDGE('',*,*,#1307,.F.);
#1853=ORIENTED_EDGE('',*,*,#1101,.F.);
#1854=ORIENTED_EDGE('',*,*,#1307,.T.);
#1855=ORIENTED_EDGE('',*,*,#1285,.F.);
#1856=ORIENTED_EDGE('',*,*,#1294,.F.);
#1857=ORIENTED_EDGE('',*,*,#1204,.F.);
#1858=ORIENTED_EDGE('',*,*,#1308,.T.);
#1859=ORIENTED_EDGE('',*,*,#1196,.T.);
#1860=ORIENTED_EDGE('',*,*,#1308,.F.);
#1861=ORIENTED_EDGE('',*,*,#1205,.F.);
#1862=ORIENTED_EDGE('',*,*,#1309,.T.);
#1863=ORIENTED_EDGE('',*,*,#1195,.T.);
#1864=ORIENTED_EDGE('',*,*,#1309,.F.);
#1865=ORIENTED_EDGE('',*,*,#1206,.F.);
#1866=ORIENTED_EDGE('',*,*,#1310,.T.);
#1867=ORIENTED_EDGE('',*,*,#1194,.T.);
#1868=ORIENTED_EDGE('',*,*,#1310,.F.);
#1869=ORIENTED_EDGE('',*,*,#1207,.F.);
#1870=ORIENTED_EDGE('',*,*,#1311,.T.);
#1871=ORIENTED_EDGE('',*,*,#1193,.T.);
#1872=ORIENTED_EDGE('',*,*,#1311,.F.);
#1873=ORIENTED_EDGE('',*,*,#1208,.F.);
#1874=ORIENTED_EDGE('',*,*,#1312,.T.);
#1875=ORIENTED_EDGE('',*,*,#1192,.T.);
#1876=ORIENTED_EDGE('',*,*,#1312,.F.);
#1877=ORIENTED_EDGE('',*,*,#1209,.F.);
#1878=ORIENTED_EDGE('',*,*,#1313,.T.);
#1879=ORIENTED_EDGE('',*,*,#1191,.T.);
#1880=ORIENTED_EDGE('',*,*,#1313,.F.);
#1881=ORIENTED_EDGE('',*,*,#1210,.F.);
#1882=ORIENTED_EDGE('',*,*,#1314,.T.);
#1883=ORIENTED_EDGE('',*,*,#1190,.T.);
#1884=ORIENTED_EDGE('',*,*,#1314,.F.);
#1885=CONICAL_SURFACE('',#2070,2.25,0.785398163397449);
#1886=CONICAL_SURFACE('',#2074,2.25,0.785398163397451);
#1887=CONICAL_SURFACE('',#2084,2.25,0.785398163397448);
#1888=CONICAL_SURFACE('',#2088,2.25000000000001,0.785398163397454);
#1889=CONICAL_SURFACE('',#2098,2.25,0.785398163397447);
#1890=CONICAL_SURFACE('',#2102,2.25,0.785398163397447);
#1891=CONICAL_SURFACE('',#2113,2.24999999999996,0.78539816339745);
#1892=CONICAL_SURFACE('',#2117,1.75000000000001,0.785398163397448);
#1893=CONICAL_SURFACE('',#2121,1.75000000000001,0.785398163397448);
#1894=CONICAL_SURFACE('',#2125,2.25000000000002,0.785398163397449);
#1895=CONICAL_SURFACE('',#2129,2.24999999999997,0.785398163397449);
#1896=CONICAL_SURFACE('',#2133,1.75000000000002,0.785398163397436);
#1897=CONICAL_SURFACE('',#2137,1.75000000000001,0.78539816339745);
#1898=CONICAL_SURFACE('',#2141,2.24999999999999,0.78539816339745);
#1899=CONICAL_SURFACE('',#2145,2.24999999999996,0.78539816339745);
#1900=CONICAL_SURFACE('',#2149,1.75000000000001,0.78539816339745);
#1901=CONICAL_SURFACE('',#2153,1.75000000000002,0.785398163397436);
#1902=CONICAL_SURFACE('',#2157,2.25,0.785398163397447);
#1903=CONICAL_SURFACE('',#2189,20.75,0.785398163397446);
#1904=CONICAL_SURFACE('',#2205,2.29999999999998,0.785398163397446);
#1905=CONICAL_SURFACE('',#2208,2.29999999999996,0.78539816339745);
#1906=CONICAL_SURFACE('',#2212,2.30000000000002,0.785398163397448);
#1907=CONICAL_SURFACE('',#2216,2.29999999999997,0.785398163397448);
#1908=CONICAL_SURFACE('',#2228,2.3,0.78539816339745);
#1909=CONICAL_SURFACE('',#2231,2.29999999999996,0.78539816339745);
#1910=CONICAL_SURFACE('',#2238,21.3,0.785398163397449);
#1911=CONICAL_SURFACE('',#2246,2.,0.78539816339745);
#1912=CONICAL_SURFACE('',#2248,2.,0.785398163397449);
#1913=CONICAL_SURFACE('',#2250,2.00000000000001,0.785398163397451);
#1914=CONICAL_SURFACE('',#2252,2.00000000000001,0.785398163397451);
#1915=CONICAL_SURFACE('',#2257,2.00000000000001,0.785398163397451);
#1916=CONICAL_SURFACE('',#2260,2.00000000000001,0.785398163397451);
#1917=CONICAL_SURFACE('',#2263,2.,0.785398163397449);
#1918=CONICAL_SURFACE('',#2264,2.,0.785398163397449);
#1919=CONICAL_SURFACE('',#2269,2.00000000000001,0.785398163397451);
#1920=CONICAL_SURFACE('',#2271,2.00000000000001,0.785398163397452);
#1921=CONICAL_SURFACE('',#2273,2.,0.785398163397449);
#1922=CONICAL_SURFACE('',#2274,2.,0.785398163397449);
#1923=ADVANCED_FACE('',(#131),#1885,.T.);
#1924=ADVANCED_FACE('',(#132),#74,.T.);
#1925=ADVANCED_FACE('',(#133),#1886,.T.);
#1926=ADVANCED_FACE('',(#134),#45,.T.);
#1927=ADVANCED_FACE('',(#135),#75,.T.);
#1928=ADVANCED_FACE('',(#136),#46,.T.);
#1929=ADVANCED_FACE('',(#137),#1887,.T.);
#1930=ADVANCED_FACE('',(#138),#76,.T.);
#1931=ADVANCED_FACE('',(#139),#1888,.T.);
#1932=ADVANCED_FACE('',(#140),#47,.T.);
#1933=ADVANCED_FACE('',(#141),#77,.T.);
#1934=ADVANCED_FACE('',(#142),#48,.T.);
#1935=ADVANCED_FACE('',(#143),#1889,.T.);
#1936=ADVANCED_FACE('',(#144),#78,.T.);
#1937=ADVANCED_FACE('',(#145),#1890,.T.);
#1938=ADVANCED_FACE('',(#146),#49,.T.);
#1939=ADVANCED_FACE('',(#147),#79,.T.);
#1940=ADVANCED_FACE('',(#148),#50,.T.);
#1941=ADVANCED_FACE('',(#149),#80,.T.);
#1942=ADVANCED_FACE('',(#150),#1891,.F.);
#1943=ADVANCED_FACE('',(#151),#81,.T.);
#1944=ADVANCED_FACE('',(#152),#1892,.T.);
#1945=ADVANCED_FACE('',(#153),#82,.T.);
#1946=ADVANCED_FACE('',(#154),#1893,.T.);
#1947=ADVANCED_FACE('',(#155),#83,.T.);
#1948=ADVANCED_FACE('',(#156),#1894,.F.);
#1949=ADVANCED_FACE('',(#157),#84,.T.);
#1950=ADVANCED_FACE('',(#158),#1895,.F.);
#1951=ADVANCED_FACE('',(#159),#85,.T.);
#1952=ADVANCED_FACE('',(#160),#1896,.T.);
#1953=ADVANCED_FACE('',(#161),#86,.T.);
#1954=ADVANCED_FACE('',(#162),#1897,.T.);
#1955=ADVANCED_FACE('',(#163),#87,.T.);
#1956=ADVANCED_FACE('',(#164),#1898,.F.);
#1957=ADVANCED_FACE('',(#165),#88,.T.);
#1958=ADVANCED_FACE('',(#166),#1899,.F.);
#1959=ADVANCED_FACE('',(#167),#89,.T.);
#1960=ADVANCED_FACE('',(#168),#1900,.T.);
#1961=ADVANCED_FACE('',(#169),#90,.T.);
#1962=ADVANCED_FACE('',(#170),#1901,.T.);
#1963=ADVANCED_FACE('',(#171),#91,.T.);
#1964=ADVANCED_FACE('',(#172),#1902,.F.);
#1965=ADVANCED_FACE('',(#173),#51,.T.);
#1966=ADVANCED_FACE('',(#174,#18),#92,.T.);
#1967=ADVANCED_FACE('',(#175),#52,.F.);
#1968=ADVANCED_FACE('',(#176),#93,.T.);
#1969=ADVANCED_FACE('',(#177),#53,.F.);
#1970=ADVANCED_FACE('',(#178,#19),#94,.T.);
#1971=ADVANCED_FACE('',(#179),#54,.T.);
#1972=ADVANCED_FACE('',(#180),#95,.T.);
#1973=ADVANCED_FACE('',(#181),#55,.T.);
#1974=ADVANCED_FACE('',(#182,#20),#96,.T.);
#1975=ADVANCED_FACE('',(#183),#56,.F.);
#1976=ADVANCED_FACE('',(#184),#97,.T.);
#1977=ADVANCED_FACE('',(#185,#21,#22,#23,#24,#25,#26,#27),#98,.F.);
#1978=ADVANCED_FACE('',(#186),#1903,.T.);
#1979=ADVANCED_FACE('',(#187),#57,.T.);
#1980=ADVANCED_FACE('',(#188,#28,#29,#30,#31,#32,#33,#34),#99,.T.);
#1981=ADVANCED_FACE('',(#189),#100,.T.);
#1982=ADVANCED_FACE('',(#190),#1904,.F.);
#1983=ADVANCED_FACE('',(#191),#101,.T.);
#1984=ADVANCED_FACE('',(#192),#1905,.F.);
#1985=ADVANCED_FACE('',(#193),#102,.T.);
#1986=ADVANCED_FACE('',(#194),#103,.T.);
#1987=ADVANCED_FACE('',(#195),#1906,.F.);
#1988=ADVANCED_FACE('',(#196),#104,.T.);
#1989=ADVANCED_FACE('',(#197),#1907,.F.);
#1990=ADVANCED_FACE('',(#198),#105,.T.);
#1991=ADVANCED_FACE('',(#199,#35),#106,.T.);
#1992=ADVANCED_FACE('',(#200),#58,.F.);
#1993=ADVANCED_FACE('',(#201),#107,.T.);
#1994=ADVANCED_FACE('',(#202),#59,.F.);
#1995=ADVANCED_FACE('',(#203,#36),#108,.T.);
#1996=ADVANCED_FACE('',(#204),#109,.T.);
#1997=ADVANCED_FACE('',(#205),#1908,.F.);
#1998=ADVANCED_FACE('',(#206),#110,.T.);
#1999=ADVANCED_FACE('',(#207),#1909,.F.);
#2000=ADVANCED_FACE('',(#208),#111,.T.);
#2001=ADVANCED_FACE('',(#209,#37),#112,.T.);
#2002=ADVANCED_FACE('',(#210),#60,.F.);
#2003=ADVANCED_FACE('',(#211),#1910,.T.);
#2004=ADVANCED_FACE('',(#212,#38),#113,.T.);
#2005=ADVANCED_FACE('',(#213),#61,.F.);
#2006=ADVANCED_FACE('',(#214),#62,.F.);
#2007=ADVANCED_FACE('',(#215),#63,.F.);
#2008=ADVANCED_FACE('',(#216),#114,.T.);
#2009=ADVANCED_FACE('',(#217),#115,.T.);
#2010=ADVANCED_FACE('',(#218),#1911,.T.);
#2011=ADVANCED_FACE('',(#219),#116,.T.);
#2012=ADVANCED_FACE('',(#220),#1912,.T.);
#2013=ADVANCED_FACE('',(#221),#117,.T.);
#2014=ADVANCED_FACE('',(#222),#1913,.T.);
#2015=ADVANCED_FACE('',(#223),#1914,.T.);
#2016=ADVANCED_FACE('',(#224),#118,.T.);
#2017=ADVANCED_FACE('',(#225),#119,.T.);
#2018=ADVANCED_FACE('',(#226),#120,.T.);
#2019=ADVANCED_FACE('',(#227),#121,.T.);
#2020=ADVANCED_FACE('',(#228),#1915,.T.);
#2021=ADVANCED_FACE('',(#229),#122,.T.);
#2022=ADVANCED_FACE('',(#230),#1916,.T.);
#2023=ADVANCED_FACE('',(#231),#123,.T.);
#2024=ADVANCED_FACE('',(#232),#1917,.T.);
#2025=ADVANCED_FACE('',(#233),#1918,.T.);
#2026=ADVANCED_FACE('',(#234),#64,.T.);
#2027=ADVANCED_FACE('',(#235),#124,.T.);
#2028=ADVANCED_FACE('',(#236),#125,.T.);
#2029=ADVANCED_FACE('',(#237),#126,.T.);
#2030=ADVANCED_FACE('',(#238),#1919,.T.);
#2031=ADVANCED_FACE('',(#239),#127,.T.);
#2032=ADVANCED_FACE('',(#240),#1920,.T.);
#2033=ADVANCED_FACE('',(#241),#128,.T.);
#2034=ADVANCED_FACE('',(#242),#1921,.T.);
#2035=ADVANCED_FACE('',(#243),#1922,.T.);
#2036=ADVANCED_FACE('',(#244),#129,.T.);
#2037=ADVANCED_FACE('',(#245),#65,.T.);
#2038=ADVANCED_FACE('',(#246),#66,.T.);
#2039=ADVANCED_FACE('',(#247),#130,.T.);
#2040=ADVANCED_FACE('',(#248),#67,.F.);
#2041=ADVANCED_FACE('',(#249),#68,.F.);
#2042=ADVANCED_FACE('',(#250),#69,.F.);
#2043=ADVANCED_FACE('',(#251),#70,.F.);
#2044=ADVANCED_FACE('',(#252),#71,.F.);
#2045=ADVANCED_FACE('',(#253),#72,.F.);
#2046=ADVANCED_FACE('',(#254),#73,.F.);
#2047=CLOSED_SHELL('',(#1923,#1924,#1925,#1926,#1927,#1928,#1929,#1930,
#1931,#1932,#1933,#1934,#1935,#1936,#1937,#1938,#1939,#1940,#1941,#1942,
#1943,#1944,#1945,#1946,#1947,#1948,#1949,#1950,#1951,#1952,#1953,#1954,
#1955,#1956,#1957,#1958,#1959,#1960,#1961,#1962,#1963,#1964,#1965,#1966,
#1967,#1968,#1969,#1970,#1971,#1972,#1973,#1974,#1975,#1976,#1977,#1978,
#1979,#1980,#1981,#1982,#1983,#1984,#1985,#1986,#1987,#1988,#1989,#1990,
#1991,#1992,#1993,#1994,#1995,#1996,#1997,#1998,#1999,#2000,#2001,#2002,
#2003,#2004,#2005,#2006,#2007,#2008,#2009,#2010,#2011,#2012,#2013,#2014,
#2015,#2016,#2017,#2018,#2019,#2020,#2021,#2022,#2023,#2024,#2025,#2026,
#2027,#2028,#2029,#2030,#2031,#2032,#2033,#2034,#2035,#2036,#2037,#2038,
#2039,#2040,#2041,#2042,#2043,#2044,#2045,#2046));
#2048=DERIVED_UNIT_ELEMENT(#2051,1.);
#2049=DERIVED_UNIT_ELEMENT(#3499,-3.);
#2050=DIMENSIONAL_EXPONENTS(0.,1.,0.,0.,0.,0.,0.);
#2051=(
CONVERSION_BASED_UNIT('gram',#2053)
MASS_UNIT()
NAMED_UNIT(#2050)
);
#2052=(
MASS_UNIT()
NAMED_UNIT(*)
SI_UNIT(.KILO.,.GRAM.)
);
#2053=MASS_MEASURE_WITH_UNIT(MASS_MEASURE(0.001),#2052);
#2054=DERIVED_UNIT((#2048,#2049));
#2055=MEASURE_REPRESENTATION_ITEM('density measure',
POSITIVE_RATIO_MEASURE(1.),#2054);
#2056=PROPERTY_DEFINITION_REPRESENTATION(#2061,#2058);
#2057=PROPERTY_DEFINITION_REPRESENTATION(#2062,#2059);
#2058=REPRESENTATION('material name',(#2060),#3496);
#2059=REPRESENTATION('density',(#2055),#3496);
#2060=DESCRIPTIVE_REPRESENTATION_ITEM('Generic','Generic');
#2061=PROPERTY_DEFINITION('material property','material name',#3506);
#2062=PROPERTY_DEFINITION('material property','density of part',#3506);
#2063=DATE_TIME_ROLE('creation_date');
#2064=APPLIED_DATE_AND_TIME_ASSIGNMENT(#2065,#2063,(#3506));
#2065=DATE_AND_TIME(#2066,#2067);
#2066=CALENDAR_DATE(2026,13,6);
#2067=LOCAL_TIME(0,0,0.,#2068);
#2068=COORDINATED_UNIVERSAL_TIME_OFFSET(0,0,.BEHIND.);
#2069=AXIS2_PLACEMENT_3D('',#2907,#2286,#2287);
#2070=AXIS2_PLACEMENT_3D('',#2908,#2288,#2289);
#2071=AXIS2_PLACEMENT_3D('',#2915,#2290,#2291);
#2072=AXIS2_PLACEMENT_3D('',#2918,#2293,#2294);
#2073=AXIS2_PLACEMENT_3D('',#2919,#2295,#2296);
#2074=AXIS2_PLACEMENT_3D('',#2925,#2300,#2301);
#2075=AXIS2_PLACEMENT_3D('',#2931,#2302,#2303);
#2076=AXIS2_PLACEMENT_3D('',#2932,#2304,#2305);
#2077=AXIS2_PLACEMENT_3D('',#2933,#2306,#2307);
#2078=AXIS2_PLACEMENT_3D('',#2935,#2308,#2309);
#2079=AXIS2_PLACEMENT_3D('',#2939,#2311,#2312);
#2080=AXIS2_PLACEMENT_3D('',#2941,#2314,#2315);
#2081=AXIS2_PLACEMENT_3D('',#2945,#2318,#2319);
#2082=AXIS2_PLACEMENT_3D('',#2947,#2320,#2321);
#2083=AXIS2_PLACEMENT_3D('',#2950,#2323,#2324);
#2084=AXIS2_PLACEMENT_3D('',#2951,#2325,#2326);
#2085=AXIS2_PLACEMENT_3D('',#2958,#2327,#2328);
#2086=AXIS2_PLACEMENT_3D('',#2961,#2330,#2331);
#2087=AXIS2_PLACEMENT_3D('',#2962,#2332,#2333);
#2088=AXIS2_PLACEMENT_3D('',#2968,#2337,#2338);
#2089=AXIS2_PLACEMENT_3D('',#2974,#2339,#2340);
#2090=AXIS2_PLACEMENT_3D('',#2975,#2341,#2342);
#2091=AXIS2_PLACEMENT_3D('',#2976,#2343,#2344);
#2092=AXIS2_PLACEMENT_3D('',#2978,#2345,#2346);
#2093=AXIS2_PLACEMENT_3D('',#2982,#2348,#2349);
#2094=AXIS2_PLACEMENT_3D('',#2984,#2351,#2352);
#2095=AXIS2_PLACEMENT_3D('',#2988,#2355,#2356);
#2096=AXIS2_PLACEMENT_3D('',#2990,#2357,#2358);
#2097=AXIS2_PLACEMENT_3D('',#2993,#2360,#2361);
#2098=AXIS2_PLACEMENT_3D('',#2994,#2362,#2363);
#2099=AXIS2_PLACEMENT_3D('',#3001,#2364,#2365);
#2100=AXIS2_PLACEMENT_3D('',#3004,#2367,#2368);
#2101=AXIS2_PLACEMENT_3D('',#3005,#2369,#2370);
#2102=AXIS2_PLACEMENT_3D('',#3011,#2374,#2375);
#2103=AXIS2_PLACEMENT_3D('',#3017,#2376,#2377);
#2104=AXIS2_PLACEMENT_3D('',#3018,#2378,#2379);
#2105=AXIS2_PLACEMENT_3D('',#3019,#2380,#2381);
#2106=AXIS2_PLACEMENT_3D('',#3021,#2382,#2383);
#2107=AXIS2_PLACEMENT_3D('',#3025,#2385,#2386);
#2108=AXIS2_PLACEMENT_3D('',#3027,#2388,#2389);
#2109=AXIS2_PLACEMENT_3D('',#3031,#2392,#2393);
#2110=AXIS2_PLACEMENT_3D('',#3033,#2394,#2395);
#2111=AXIS2_PLACEMENT_3D('',#3036,#2397,#2398);
#2112=AXIS2_PLACEMENT_3D('',#3037,#2399,#2400);
#2113=AXIS2_PLACEMENT_3D('',#3046,#2405,#2406);
#2114=AXIS2_PLACEMENT_3D('',#3050,#2408,#2409);
#2115=AXIS2_PLACEMENT_3D('',#3051,#2410,#2411);
#2116=AXIS2_PLACEMENT_3D('',#3052,#2412,#2413);
#2117=AXIS2_PLACEMENT_3D('',#3058,#2417,#2418);
#2118=AXIS2_PLACEMENT_3D('',#3062,#2420,#2421);
#2119=AXIS2_PLACEMENT_3D('',#3063,#2422,#2423);
#2120=AXIS2_PLACEMENT_3D('',#3064,#2424,#2425);
#2121=AXIS2_PLACEMENT_3D('',#3070,#2429,#2430);
#2122=AXIS2_PLACEMENT_3D('',#3074,#2432,#2433);
#2123=AXIS2_PLACEMENT_3D('',#3075,#2434,#2435);
#2124=AXIS2_PLACEMENT_3D('',#3076,#2436,#2437);
#2125=AXIS2_PLACEMENT_3D('',#3082,#2441,#2442);
#2126=AXIS2_PLACEMENT_3D('',#3086,#2444,#2445);
#2127=AXIS2_PLACEMENT_3D('',#3087,#2446,#2447);
#2128=AXIS2_PLACEMENT_3D('',#3088,#2448,#2449);
#2129=AXIS2_PLACEMENT_3D('',#3094,#2453,#2454);
#2130=AXIS2_PLACEMENT_3D('',#3098,#2456,#2457);
#2131=AXIS2_PLACEMENT_3D('',#3099,#2458,#2459);
#2132=AXIS2_PLACEMENT_3D('',#3100,#2460,#2461);
#2133=AXIS2_PLACEMENT_3D('',#3106,#2465,#2466);
#2134=AXIS2_PLACEMENT_3D('',#3110,#2468,#2469);
#2135=AXIS2_PLACEMENT_3D('',#3111,#2470,#2471);
#2136=AXIS2_PLACEMENT_3D('',#3112,#2472,#2473);
#2137=AXIS2_PLACEMENT_3D('',#3118,#2477,#2478);
#2138=AXIS2_PLACEMENT_3D('',#3122,#2480,#2481);
#2139=AXIS2_PLACEMENT_3D('',#3123,#2482,#2483);
#2140=AXIS2_PLACEMENT_3D('',#3124,#2484,#2485);
#2141=AXIS2_PLACEMENT_3D('',#3130,#2489,#2490);
#2142=AXIS2_PLACEMENT_3D('',#3134,#2492,#2493);
#2143=AXIS2_PLACEMENT_3D('',#3135,#2494,#2495);
#2144=AXIS2_PLACEMENT_3D('',#3136,#2496,#2497);
#2145=AXIS2_PLACEMENT_3D('',#3142,#2501,#2502);
#2146=AXIS2_PLACEMENT_3D('',#3146,#2504,#2505);
#2147=AXIS2_PLACEMENT_3D('',#3147,#2506,#2507);
#2148=AXIS2_PLACEMENT_3D('',#3148,#2508,#2509);
#2149=AXIS2_PLACEMENT_3D('',#3154,#2513,#2514);
#2150=AXIS2_PLACEMENT_3D('',#3158,#2516,#2517);
#2151=AXIS2_PLACEMENT_3D('',#3159,#2518,#2519);
#2152=AXIS2_PLACEMENT_3D('',#3160,#2520,#2521);
#2153=AXIS2_PLACEMENT_3D('',#3166,#2525,#2526);
#2154=AXIS2_PLACEMENT_3D('',#3170,#2528,#2529);
#2155=AXIS2_PLACEMENT_3D('',#3171,#2530,#2531);
#2156=AXIS2_PLACEMENT_3D('',#3172,#2532,#2533);
#2157=AXIS2_PLACEMENT_3D('',#3178,#2537,#2538);
#2158=AXIS2_PLACEMENT_3D('',#3179,#2539,#2540);
#2159=AXIS2_PLACEMENT_3D('',#3180,#2541,#2542);
#2160=AXIS2_PLACEMENT_3D('',#3181,#2543,#2544);
#2161=AXIS2_PLACEMENT_3D('',#3185,#2546,#2547);
#2162=AXIS2_PLACEMENT_3D('',#3187,#2549,#2550);
#2163=AXIS2_PLACEMENT_3D('',#3193,#2554,#2555);
#2164=AXIS2_PLACEMENT_3D('',#3194,#2556,#2557);
#2165=AXIS2_PLACEMENT_3D('',#3197,#2559,#2560);
#2166=AXIS2_PLACEMENT_3D('',#3198,#2561,#2562);
#2167=AXIS2_PLACEMENT_3D('',#3202,#2565,#2566);
#2168=AXIS2_PLACEMENT_3D('',#3205,#2568,#2569);
#2169=AXIS2_PLACEMENT_3D('',#3206,#2570,#2571);
#2170=AXIS2_PLACEMENT_3D('',#3212,#2575,#2576);
#2171=AXIS2_PLACEMENT_3D('',#3213,#2577,#2578);
#2172=AXIS2_PLACEMENT_3D('',#3216,#2580,#2581);
#2173=AXIS2_PLACEMENT_3D('',#3217,#2582,#2583);
#2174=AXIS2_PLACEMENT_3D('',#3221,#2586,#2587);
#2175=AXIS2_PLACEMENT_3D('',#3224,#2589,#2590);
#2176=AXIS2_PLACEMENT_3D('',#3225,#2591,#2592);
#2177=AXIS2_PLACEMENT_3D('',#3231,#2596,#2597);
#2178=AXIS2_PLACEMENT_3D('',#3232,#2598,#2599);
#2179=AXIS2_PLACEMENT_3D('',#3235,#2601,#2602);
#2180=AXIS2_PLACEMENT_3D('',#3236,#2603,#2604);
#2181=AXIS2_PLACEMENT_3D('',#3240,#2607,#2608);
#2182=AXIS2_PLACEMENT_3D('',#3242,#2609,#2610);
#2183=AXIS2_PLACEMENT_3D('',#3244,#2611,#2612);
#2184=AXIS2_PLACEMENT_3D('',#3246,#2613,#2614);
#2185=AXIS2_PLACEMENT_3D('',#3248,#2615,#2616);
#2186=AXIS2_PLACEMENT_3D('',#3250,#2617,#2618);
#2187=AXIS2_PLACEMENT_3D('',#3252,#2619,#2620);
#2188=AXIS2_PLACEMENT_3D('',#3254,#2621,#2622);
#2189=AXIS2_PLACEMENT_3D('',#3255,#2623,#2624);
#2190=AXIS2_PLACEMENT_3D('',#3257,#2625,#2626);
#2191=AXIS2_PLACEMENT_3D('',#3261,#2628,#2629);
#2192=AXIS2_PLACEMENT_3D('',#3262,#2630,#2631);
#2193=AXIS2_PLACEMENT_3D('',#3263,#2632,#2633);
#2194=AXIS2_PLACEMENT_3D('',#3267,#2635,#2636);
#2195=AXIS2_PLACEMENT_3D('',#3268,#2637,#2638);
#2196=AXIS2_PLACEMENT_3D('',#3269,#2639,#2640);
#2197=AXIS2_PLACEMENT_3D('',#3271,#2641,#2642);
#2198=AXIS2_PLACEMENT_3D('',#3273,#2643,#2644);
#2199=AXIS2_PLACEMENT_3D('',#3275,#2645,#2646);
#2200=AXIS2_PLACEMENT_3D('',#3277,#2647,#2648);
#2201=AXIS2_PLACEMENT_3D('',#3279,#2649,#2650);
#2202=AXIS2_PLACEMENT_3D('',#3281,#2651,#2652);
#2203=AXIS2_PLACEMENT_3D('',#3283,#2653,#2654);
#2204=AXIS2_PLACEMENT_3D('',#3284,#2655,#2656);
#2205=AXIS2_PLACEMENT_3D('',#3288,#2659,#2660);
#2206=AXIS2_PLACEMENT_3D('',#3291,#2662,#2663);
#2207=AXIS2_PLACEMENT_3D('',#3292,#2664,#2665);
#2208=AXIS2_PLACEMENT_3D('',#3296,#2668,#2669);
#2209=AXIS2_PLACEMENT_3D('',#3299,#2671,#2672);
#2210=AXIS2_PLACEMENT_3D('',#3300,#2673,#2674);
#2211=AXIS2_PLACEMENT_3D('',#3302,#2676,#2677);
#2212=AXIS2_PLACEMENT_3D('',#3308,#2681,#2682);
#2213=AXIS2_PLACEMENT_3D('',#3312,#2684,#2685);
#2214=AXIS2_PLACEMENT_3D('',#3313,#2686,#2687);
#2215=AXIS2_PLACEMENT_3D('',#3314,#2688,#2689);
#2216=AXIS2_PLACEMENT_3D('',#3320,#2693,#2694);
#2217=AXIS2_PLACEMENT_3D('',#3324,#2696,#2697);
#2218=AXIS2_PLACEMENT_3D('',#3325,#2698,#2699);
#2219=AXIS2_PLACEMENT_3D('',#3326,#2700,#2701);
#2220=AXIS2_PLACEMENT_3D('',#3329,#2704,#2705);
#2221=AXIS2_PLACEMENT_3D('',#3335,#2709,#2710);
#2222=AXIS2_PLACEMENT_3D('',#3336,#2711,#2712);
#2223=AXIS2_PLACEMENT_3D('',#3338,#2714,#2715);
#2224=AXIS2_PLACEMENT_3D('',#3340,#2717,#2718);
#2225=AXIS2_PLACEMENT_3D('',#3342,#2720,#2721);
#2226=AXIS2_PLACEMENT_3D('',#3347,#2724,#2725);
#2227=AXIS2_PLACEMENT_3D('',#3348,#2726,#2727);
#2228=AXIS2_PLACEMENT_3D('',#3352,#2730,#2731);
#2229=AXIS2_PLACEMENT_3D('',#3355,#2733,#2734);
#2230=AXIS2_PLACEMENT_3D('',#3356,#2735,#2736);
#2231=AXIS2_PLACEMENT_3D('',#3360,#2739,#2740);
#2232=AXIS2_PLACEMENT_3D('',#3364,#2742,#2743);
#2233=AXIS2_PLACEMENT_3D('',#3365,#2744,#2745);
#2234=AXIS2_PLACEMENT_3D('',#3366,#2746,#2747);
#2235=AXIS2_PLACEMENT_3D('',#3369,#2750,#2751);
#2236=AXIS2_PLACEMENT_3D('',#3375,#2755,#2756);
#2237=AXIS2_PLACEMENT_3D('',#3376,#2757,#2758);
#2238=AXIS2_PLACEMENT_3D('',#3377,#2759,#2760);
#2239=AXIS2_PLACEMENT_3D('',#3379,#2761,#2762);
#2240=AXIS2_PLACEMENT_3D('',#3381,#2764,#2765);
#2241=AXIS2_PLACEMENT_3D('',#3382,#2766,#2767);
#2242=AXIS2_PLACEMENT_3D('',#3384,#2769,#2770);
#2243=AXIS2_PLACEMENT_3D('',#3386,#2772,#2773);
#2244=AXIS2_PLACEMENT_3D('',#3388,#2775,#2776);
#2245=AXIS2_PLACEMENT_3D('',#3394,#2780,#2781);
#2246=AXIS2_PLACEMENT_3D('',#3399,#2785,#2786);
#2247=AXIS2_PLACEMENT_3D('',#3400,#2787,#2788);
#2248=AXIS2_PLACEMENT_3D('',#3405,#2792,#2793);
#2249=AXIS2_PLACEMENT_3D('',#3406,#2794,#2795);
#2250=AXIS2_PLACEMENT_3D('',#3412,#2800,#2801);
#2251=AXIS2_PLACEMENT_3D('',#3413,#2802,#2803);
#2252=AXIS2_PLACEMENT_3D('',#3414,#2804,#2805);
#2253=AXIS2_PLACEMENT_3D('',#3415,#2806,#2807);
#2254=AXIS2_PLACEMENT_3D('',#3417,#2809,#2810);
#2255=AXIS2_PLACEMENT_3D('',#3418,#2811,#2812);
#2256=AXIS2_PLACEMENT_3D('',#3424,#2816,#2817);
#2257=AXIS2_PLACEMENT_3D('',#3432,#2822,#2823);
#2258=AXIS2_PLACEMENT_3D('',#3433,#2824,#2825);
#2259=AXIS2_PLACEMENT_3D('',#3434,#2826,#2827);
#2260=AXIS2_PLACEMENT_3D('',#3439,#2831,#2832);
#2261=AXIS2_PLACEMENT_3D('',#3440,#2833,#2834);
#2262=AXIS2_PLACEMENT_3D('',#3441,#2835,#2836);
#2263=AXIS2_PLACEMENT_3D('',#3445,#2840,#2841);
#2264=AXIS2_PLACEMENT_3D('',#3446,#2842,#2843);
#2265=AXIS2_PLACEMENT_3D('',#3447,#2844,#2845);
#2266=AXIS2_PLACEMENT_3D('',#3449,#2847,#2848);
#2267=AXIS2_PLACEMENT_3D('',#3450,#2849,#2850);
#2268=AXIS2_PLACEMENT_3D('',#3456,#2854,#2855);
#2269=AXIS2_PLACEMENT_3D('',#3461,#2859,#2860);
#2270=AXIS2_PLACEMENT_3D('',#3462,#2861,#2862);
#2271=AXIS2_PLACEMENT_3D('',#3467,#2866,#2867);
#2272=AXIS2_PLACEMENT_3D('',#3468,#2868,#2869);
#2273=AXIS2_PLACEMENT_3D('',#3472,#2873,#2874);
#2274=AXIS2_PLACEMENT_3D('',#3473,#2875,#2876);
#2275=AXIS2_PLACEMENT_3D('',#3474,#2877,#2878);
#2276=AXIS2_PLACEMENT_3D('',#3475,#2879,#2880);
#2277=AXIS2_PLACEMENT_3D('',#3476,#2881,#2882);
#2278=AXIS2_PLACEMENT_3D('',#3478,#2884,#2885);
#2279=AXIS2_PLACEMENT_3D('',#3479,#2886,#2887);
#2280=AXIS2_PLACEMENT_3D('',#3481,#2889,#2890);
#2281=AXIS2_PLACEMENT_3D('',#3483,#2892,#2893);
#2282=AXIS2_PLACEMENT_3D('',#3485,#2895,#2896);
#2283=AXIS2_PLACEMENT_3D('',#3487,#2898,#2899);
#2284=AXIS2_PLACEMENT_3D('',#3489,#2901,#2902);
#2285=AXIS2_PLACEMENT_3D('',#3491,#2904,#2905);
#2286=DIRECTION('axis',(0.,0.,1.));
#2287=DIRECTION('refdir',(1.,0.,0.));
#2288=DIRECTION('center_axis',(0.,-1.,0.));
#2289=DIRECTION('ref_axis',(1.66533453693773E-15,0.,1.));
#2290=DIRECTION('center_axis',(0.,-1.,0.));
#2291=DIRECTION('ref_axis',(1.66533453693773E-15,0.,1.));
#2292=DIRECTION('',(1.57009245868377E-15,-0.707106781186546,0.707106781186549));
#2293=DIRECTION('center_axis',(0.,1.,0.));
#2294=DIRECTION('ref_axis',(1.66533453693773E-15,0.,1.));
#2295=DIRECTION('center_axis',(0.,0.707106781186546,0.707106781186549));
#2296=DIRECTION('ref_axis',(1.,0.,0.));
#2297=DIRECTION('',(0.,-0.707106781186549,0.707106781186546));
#2298=DIRECTION('',(1.,0.,0.));
#2299=DIRECTION('',(-1.,0.,0.));
#2300=DIRECTION('center_axis',(0.,-1.,0.));
#2301=DIRECTION('ref_axis',(-1.,0.,0.));
#2302=DIRECTION('center_axis',(0.,1.,0.));
#2303=DIRECTION('ref_axis',(-1.,0.,0.));
#2304=DIRECTION('center_axis',(0.,-1.,0.));
#2305=DIRECTION('ref_axis',(-1.,0.,0.));
#2306=DIRECTION('center_axis',(0.,1.,0.));
#2307=DIRECTION('ref_axis',(-1.,0.,0.));
#2308=DIRECTION('center_axis',(0.707106781186547,-0.707106781186548,1.24424841564393E-15));
#2309=DIRECTION('ref_axis',(-0.707106781186548,-0.707106781186547,0.));
#2310=DIRECTION('',(0.,1.,0.));
#2311=DIRECTION('center_axis',(0.,1.,0.));
#2312=DIRECTION('ref_axis',(-1.,0.,0.));
#2313=DIRECTION('',(0.,1.,0.));
#2314=DIRECTION('center_axis',(0.,0.,1.));
#2315=DIRECTION('ref_axis',(1.,0.,0.));
#2316=DIRECTION('',(0.,1.,0.));
#2317=DIRECTION('',(1.,0.,0.));
#2318=DIRECTION('center_axis',(0.,1.,0.));
#2319=DIRECTION('ref_axis',(1.66533453693773E-15,0.,1.));
#2320=DIRECTION('center_axis',(-0.707106781186547,-0.707106781186548,-1.32719831002019E-15));
#2321=DIRECTION('ref_axis',(0.707106781186548,-0.707106781186547,-1.17756934401283E-15));
#2322=DIRECTION('',(0.,1.,0.));
#2323=DIRECTION('center_axis',(0.,1.,0.));
#2324=DIRECTION('ref_axis',(1.66533453693773E-15,0.,1.));
#2325=DIRECTION('center_axis',(0.,-1.,0.));
#2326=DIRECTION('ref_axis',(0.866025403784437,0.,-0.500000000000003));
#2327=DIRECTION('center_axis',(0.,-1.,0.));
#2328=DIRECTION('ref_axis',(0.866025403784437,0.,-0.500000000000003));
#2329=DIRECTION('',(0.612372435695795,-0.707106781186545,-0.353553390593278));
#2330=DIRECTION('center_axis',(0.,1.,0.));
#2331=DIRECTION('ref_axis',(0.866025403784437,0.,-0.500000000000003));
#2332=DIRECTION('center_axis',(0.612372435695793,0.707106781186549,-0.353553390593273));
#2333=DIRECTION('ref_axis',(-0.5,0.,-0.866025403784439));
#2334=DIRECTION('',(0.612372435695797,-0.707106781186546,-0.353553390593272));
#2335=DIRECTION('',(-0.5,0.,-0.866025403784439));
#2336=DIRECTION('',(0.5,0.,0.866025403784439));
#2337=DIRECTION('center_axis',(0.,-1.,0.));
#2338=DIRECTION('ref_axis',(0.5,0.,0.866025403784439));
#2339=DIRECTION('center_axis',(0.,1.,0.));
#2340=DIRECTION('ref_axis',(0.499999999999999,0.,0.866025403784439));
#2341=DIRECTION('center_axis',(0.,-1.,0.));
#2342=DIRECTION('ref_axis',(0.5,0.,0.866025403784439));
#2343=DIRECTION('center_axis',(0.,1.,0.));
#2344=DIRECTION('ref_axis',(0.5,0.,0.866025403784439));
#2345=DIRECTION('center_axis',(-0.353553390593272,-0.707106781186549,-0.612372435695794));
#2346=DIRECTION('ref_axis',(0.353553390593274,-0.707106781186546,0.612372435695796));
#2347=DIRECTION('',(0.,1.,0.));
#2348=DIRECTION('center_axis',(0.,1.,0.));
#2349=DIRECTION('ref_axis',(0.5,0.,0.866025403784439));
#2350=DIRECTION('',(0.,1.,0.));
#2351=DIRECTION('center_axis',(0.866025403784439,0.,-0.5));
#2352=DIRECTION('ref_axis',(-0.5,0.,-0.866025403784439));
#2353=DIRECTION('',(0.,1.,0.));
#2354=DIRECTION('',(-0.5,0.,-0.866025403784439));
#2355=DIRECTION('center_axis',(0.,1.,0.));
#2356=DIRECTION('ref_axis',(0.866025403784437,0.,-0.500000000000003));
#2357=DIRECTION('center_axis',(0.353553390593274,-0.707106781186546,0.612372435695796));
#2358=DIRECTION('ref_axis',(-0.353553390593275,-0.707106781186549,-0.612372435695792));
#2359=DIRECTION('',(0.,1.,0.));
#2360=DIRECTION('center_axis',(0.,1.,0.));
#2361=DIRECTION('ref_axis',(0.866025403784437,0.,-0.500000000000003));
#2362=DIRECTION('center_axis',(0.,-1.,0.));
#2363=DIRECTION('ref_axis',(-0.866025403784439,0.,-0.499999999999999));
#2364=DIRECTION('center_axis',(0.,-1.,0.));
#2365=DIRECTION('ref_axis',(-0.866025403784439,0.,-0.499999999999999));
#2366=DIRECTION('',(-0.612372435695797,-0.707106781186546,-0.353553390593272));
#2367=DIRECTION('center_axis',(0.,1.,0.));
#2368=DIRECTION('ref_axis',(-0.866025403784439,0.,-0.499999999999999));
#2369=DIRECTION('center_axis',(-0.612372435695796,0.707106781186546,-0.353553390593275));
#2370=DIRECTION('ref_axis',(-0.5,0.,0.866025403784438));
#2371=DIRECTION('',(-0.612372435695793,-0.707106781186549,-0.353553390593273));
#2372=DIRECTION('',(-0.5,0.,0.866025403784438));
#2373=DIRECTION('',(0.5,0.,-0.866025403784438));
#2374=DIRECTION('center_axis',(0.,-1.,0.));
#2375=DIRECTION('ref_axis',(0.5,0.,-0.866025403784438));
#2376=DIRECTION('center_axis',(0.,1.,0.));
#2377=DIRECTION('ref_axis',(0.5,0.,-0.866025403784438));
#2378=DIRECTION('center_axis',(0.,-1.,0.));
#2379=DIRECTION('ref_axis',(0.5,0.,-0.866025403784438));
#2380=DIRECTION('center_axis',(0.,1.,0.));
#2381=DIRECTION('ref_axis',(0.5,0.,-0.866025403784438));
#2382=DIRECTION('center_axis',(-0.353553390593274,-0.707106781186549,0.612372435695793));
#2383=DIRECTION('ref_axis',(0.353553390593275,-0.707106781186546,-0.612372435695795));
#2384=DIRECTION('',(0.,1.,0.));
#2385=DIRECTION('center_axis',(0.,1.,0.));
#2386=DIRECTION('ref_axis',(0.5,0.,-0.866025403784439));
#2387=DIRECTION('',(0.,1.,0.));
#2388=DIRECTION('center_axis',(-0.866025403784438,0.,-0.5));
#2389=DIRECTION('ref_axis',(-0.5,0.,0.866025403784438));
#2390=DIRECTION('',(0.,1.,0.));
#2391=DIRECTION('',(-0.5,0.,0.866025403784438));
#2392=DIRECTION('center_axis',(0.,1.,0.));
#2393=DIRECTION('ref_axis',(-0.866025403784439,0.,-0.499999999999999));
#2394=DIRECTION('center_axis',(0.353553390593275,-0.707106781186546,-0.612372435695795));
#2395=DIRECTION('ref_axis',(-0.353553390593272,-0.707106781186549,0.612372435695794));
#2396=DIRECTION('',(0.,1.,0.));
#2397=DIRECTION('center_axis',(0.,1.,0.));
#2398=DIRECTION('ref_axis',(-0.866025403784439,0.,-0.5));
#2399=DIRECTION('center_axis',(0.612372435695794,-0.707106781186549,-0.353553390593273));
#2400=DIRECTION('ref_axis',(-0.5,0.,-0.866025403784439));
#2401=DIRECTION('',(0.612372435695797,0.707106781186547,-0.353553390593272));
#2402=DIRECTION('',(0.5,0.,0.866025403784439));
#2403=DIRECTION('',(-0.612372435695797,-0.707106781186547,0.353553390593272));
#2404=DIRECTION('',(-0.5,0.,-0.866025403784439));
#2405=DIRECTION('center_axis',(0.,-1.,0.));
#2406=DIRECTION('ref_axis',(-1.,0.,-1.11022302462518E-14));
#2407=DIRECTION('',(0.707106781186549,0.707106781186546,6.28036983473509E-15));
#2408=DIRECTION('center_axis',(0.,1.,0.));
#2409=DIRECTION('ref_axis',(-1.,0.,-1.11022302462518E-14));
#2410=DIRECTION('center_axis',(0.,-1.,0.));
#2411=DIRECTION('ref_axis',(-1.,0.,-1.11022302462518E-14));
#2412=DIRECTION('center_axis',(0.707106781186547,-0.707106781186548,1.32719831002019E-15));
#2413=DIRECTION('ref_axis',(1.87694184998921E-15,0.,-1.));
#2414=DIRECTION('',(0.707106781186522,0.707106781186573,0.));
#2415=DIRECTION('',(-1.87694184998921E-15,0.,1.));
#2416=DIRECTION('',(1.87694184998921E-15,0.,-1.));
#2417=DIRECTION('center_axis',(0.,1.,0.));
#2418=DIRECTION('ref_axis',(1.,0.,-4.4408920985006E-15));
#2419=DIRECTION('',(3.14018491736756E-15,0.707106781186549,-0.707106781186546));
#2420=DIRECTION('center_axis',(0.,-1.,0.));
#2421=DIRECTION('ref_axis',(1.,0.,-4.4408920985006E-15));
#2422=DIRECTION('center_axis',(0.,1.,0.));
#2423=DIRECTION('ref_axis',(1.,0.,-4.4408920985006E-15));
#2424=DIRECTION('center_axis',(0.,-0.707106781186546,-0.707106781186549));
#2425=DIRECTION('ref_axis',(-1.,0.,0.));
#2426=DIRECTION('',(0.,0.707106781186549,-0.707106781186546));
#2427=DIRECTION('',(1.,0.,0.));
#2428=DIRECTION('',(-1.,0.,0.));
#2429=DIRECTION('center_axis',(0.,1.,0.));
#2430=DIRECTION('ref_axis',(-6.10622663543833E-15,0.,-1.));
#2431=DIRECTION('',(-0.707106781186548,0.707106781186547,0.));
#2432=DIRECTION('center_axis',(0.,-1.,0.));
#2433=DIRECTION('ref_axis',(-6.10622663543833E-15,0.,-1.));
#2434=DIRECTION('center_axis',(0.,1.,0.));
#2435=DIRECTION('ref_axis',(-6.10622663543833E-15,0.,-1.));
#2436=DIRECTION('center_axis',(-0.707106781186568,-0.707106781186527,-1.24424841564397E-15));
#2437=DIRECTION('ref_axis',(-1.75963298436488E-15,0.,1.));
#2438=DIRECTION('',(-0.707106781186527,0.707106781186568,0.));
#2439=DIRECTION('',(1.75963298436488E-15,0.,-1.));
#2440=DIRECTION('',(-1.75963298436488E-15,0.,1.));
#2441=DIRECTION('center_axis',(0.,-1.,0.));
#2442=DIRECTION('ref_axis',(0.86602540378444,0.,0.499999999999997));
#2443=DIRECTION('',(-0.612372435695796,0.707106781186547,-0.353553390593272));
#2444=DIRECTION('center_axis',(0.,1.,0.));
#2445=DIRECTION('ref_axis',(0.86602540378444,0.,0.499999999999997));
#2446=DIRECTION('center_axis',(0.,-1.,0.));
#2447=DIRECTION('ref_axis',(0.86602540378444,0.,0.499999999999997));
#2448=DIRECTION('center_axis',(-0.612372435695792,-0.70710678118655,-0.353553390593273));
#2449=DIRECTION('ref_axis',(-0.5,0.,0.866025403784438));
#2450=DIRECTION('',(-0.612372435695794,0.707106781186544,-0.353553390593282));
#2451=DIRECTION('',(0.5,0.,-0.866025403784438));
#2452=DIRECTION('',(-0.5,0.,0.866025403784438));
#2453=DIRECTION('center_axis',(0.,-1.,0.));
#2454=DIRECTION('ref_axis',(0.499999999999993,0.,0.866025403784443));
#2455=DIRECTION('',(-0.353553390593272,0.707106781186546,-0.612372435695798));
#2456=DIRECTION('center_axis',(0.,1.,0.));
#2457=DIRECTION('ref_axis',(0.499999999999993,0.,0.866025403784443));
#2458=DIRECTION('center_axis',(0.,-1.,0.));
#2459=DIRECTION('ref_axis',(0.499999999999993,0.,0.866025403784443));
#2460=DIRECTION('center_axis',(-0.353553390593273,-0.707106781186547,-0.612372435695795));
#2461=DIRECTION('ref_axis',(-0.866025403784439,0.,0.499999999999999));
#2462=DIRECTION('',(-0.353553390593269,0.707106781186552,-0.612372435695792));
#2463=DIRECTION('',(0.866025403784439,0.,-0.499999999999999));
#2464=DIRECTION('',(-0.866025403784439,0.,0.499999999999999));
#2465=DIRECTION('center_axis',(0.,1.,0.));
#2466=DIRECTION('ref_axis',(-0.500000000000004,0.,-0.866025403784436));
#2467=DIRECTION('',(-0.61237243569578,0.707106781186564,0.353553390593265));
#2468=DIRECTION('center_axis',(0.,-1.,0.));
#2469=DIRECTION('ref_axis',(-0.500000000000004,0.,-0.866025403784436));
#2470=DIRECTION('center_axis',(0.,1.,0.));
#2471=DIRECTION('ref_axis',(-0.500000000000004,0.,-0.866025403784436));
#2472=DIRECTION('center_axis',(-0.612372435695796,-0.707106781186546,0.353553390593274));
#2473=DIRECTION('ref_axis',(0.5,0.,0.866025403784439));
#2474=DIRECTION('',(-0.612372435695791,0.707106781186548,0.353553390593279));
#2475=DIRECTION('',(-0.5,0.,-0.866025403784439));
#2476=DIRECTION('',(0.5,0.,0.866025403784439));
#2477=DIRECTION('center_axis',(0.,1.,0.));
#2478=DIRECTION('ref_axis',(-0.866025403784435,0.,0.500000000000005));
#2479=DIRECTION('',(0.353553390593272,0.707106781186547,0.612372435695797));
#2480=DIRECTION('center_axis',(0.,-1.,0.));
#2481=DIRECTION('ref_axis',(-0.866025403784435,0.,0.500000000000005));
#2482=DIRECTION('center_axis',(0.,1.,0.));
#2483=DIRECTION('ref_axis',(-0.866025403784435,0.,0.500000000000005));
#2484=DIRECTION('center_axis',(0.353553390593272,-0.707106781186549,0.612372435695794));
#2485=DIRECTION('ref_axis',(0.866025403784439,0.,-0.499999999999999));
#2486=DIRECTION('',(0.353553390593272,0.707106781186547,0.612372435695797));
#2487=DIRECTION('',(-0.866025403784439,0.,0.499999999999999));
#2488=DIRECTION('',(0.866025403784439,0.,-0.499999999999999));
#2489=DIRECTION('center_axis',(0.,-1.,0.));
#2490=DIRECTION('ref_axis',(-2.22044604925033E-15,0.,-1.));
#2491=DIRECTION('',(0.,0.707106781186546,0.707106781186549));
#2492=DIRECTION('center_axis',(0.,1.,0.));
#2493=DIRECTION('ref_axis',(-2.22044604925033E-15,0.,-1.));
#2494=DIRECTION('center_axis',(0.,-1.,0.));
#2495=DIRECTION('ref_axis',(-2.22044604925033E-15,0.,-1.));
#2496=DIRECTION('center_axis',(0.,-0.707106781186546,0.707106781186549));
#2497=DIRECTION('ref_axis',(1.,0.,0.));
#2498=DIRECTION('',(0.,0.707106781186549,0.707106781186546));
#2499=DIRECTION('',(-1.,0.,0.));
#2500=DIRECTION('',(1.,0.,0.));
#2501=DIRECTION('center_axis',(0.,-1.,0.));
#2502=DIRECTION('ref_axis',(0.500000000000007,0.,-0.866025403784434));
#2503=DIRECTION('',(-0.353553390593278,0.707106781186545,0.612372435695795));
#2504=DIRECTION('center_axis',(0.,1.,0.));
#2505=DIRECTION('ref_axis',(0.500000000000007,0.,-0.866025403784434));
#2506=DIRECTION('center_axis',(0.,-1.,0.));
#2507=DIRECTION('ref_axis',(0.500000000000007,0.,-0.866025403784434));
#2508=DIRECTION('center_axis',(-0.353553390593275,-0.707106781186546,0.612372435695796));
#2509=DIRECTION('ref_axis',(0.866025403784438,0.,0.500000000000001));
#2510=DIRECTION('',(-0.35355339059328,0.70710678118655,0.612372435695787));
#2511=DIRECTION('',(-0.866025403784438,0.,-0.500000000000001));
#2512=DIRECTION('',(0.866025403784438,0.,0.500000000000001));
#2513=DIRECTION('center_axis',(0.,1.,0.));
#2514=DIRECTION('ref_axis',(-0.499999999999996,0.,0.866025403784441));
#2515=DIRECTION('',(0.612372435695795,0.707106781186545,0.353553390593278));
#2516=DIRECTION('center_axis',(0.,-1.,0.));
#2517=DIRECTION('ref_axis',(-0.499999999999996,0.,0.866025403784441));
#2518=DIRECTION('center_axis',(0.,1.,0.));
#2519=DIRECTION('ref_axis',(-0.499999999999996,0.,0.866025403784441));
#2520=DIRECTION('center_axis',(0.612372435695796,-0.707106781186546,0.353553390593275));
#2521=DIRECTION('ref_axis',(0.5,0.,-0.866025403784439));
#2522=DIRECTION('',(0.612372435695793,0.707106781186549,0.353553390593273));
#2523=DIRECTION('',(-0.5,0.,0.866025403784438));
#2524=DIRECTION('',(0.5,0.,-0.866025403784438));
#2525=DIRECTION('center_axis',(0.,1.,0.));
#2526=DIRECTION('ref_axis',(0.866025403784441,0.,0.499999999999996));
#2527=DIRECTION('',(0.353553390593282,0.707106781186554,-0.612372435695781));
#2528=DIRECTION('center_axis',(0.,-1.,0.));
#2529=DIRECTION('ref_axis',(0.866025403784441,0.,0.499999999999996));
#2530=DIRECTION('center_axis',(0.,1.,0.));
#2531=DIRECTION('ref_axis',(0.866025403784441,0.,0.499999999999996));
#2532=DIRECTION('center_axis',(0.353553390593275,-0.707106781186547,-0.612372435695794));
#2533=DIRECTION('ref_axis',(-0.866025403784438,0.,-0.500000000000001));
#2534=DIRECTION('',(0.353553390593272,0.707106781186547,-0.612372435695796));
#2535=DIRECTION('',(0.866025403784438,0.,0.500000000000001));
#2536=DIRECTION('',(-0.866025403784438,0.,-0.500000000000001));
#2537=DIRECTION('center_axis',(0.,-1.,0.));
#2538=DIRECTION('ref_axis',(-0.866025403784439,0.,0.499999999999999));
#2539=DIRECTION('center_axis',(0.,1.,0.));
#2540=DIRECTION('ref_axis',(-0.866025403784439,0.,0.499999999999999));
#2541=DIRECTION('center_axis',(0.,-1.,0.));
#2542=DIRECTION('ref_axis',(-0.866025403784439,0.,0.499999999999999));
#2543=DIRECTION('center_axis',(0.,1.,0.));
#2544=DIRECTION('ref_axis',(-0.866025403784435,0.,0.500000000000006));
#2545=DIRECTION('',(0.,1.,0.));
#2546=DIRECTION('center_axis',(0.,1.,0.));
#2547=DIRECTION('ref_axis',(-0.866025403784436,0.,0.500000000000005));
#2548=DIRECTION('',(0.,1.,0.));
#2549=DIRECTION('center_axis',(0.499999999999999,0.,0.866025403784439));
#2550=DIRECTION('ref_axis',(0.866025403784439,0.,-0.499999999999999));
#2551=DIRECTION('',(0.,1.,0.));
#2552=DIRECTION('',(0.866025403784439,0.,-0.499999999999999));
#2553=DIRECTION('',(0.866025403784439,0.,-0.499999999999999));
#2554=DIRECTION('center_axis',(-0.499999999999999,0.,-0.866025403784439));
#2555=DIRECTION('ref_axis',(-0.86602540378444,1.48029736616687E-15,0.499999999999998));
#2556=DIRECTION('center_axis',(0.,1.,0.));
#2557=DIRECTION('ref_axis',(2.22044604925033E-15,0.,1.));
#2558=DIRECTION('',(0.,1.,0.));
#2559=DIRECTION('center_axis',(0.,-1.,0.));
#2560=DIRECTION('ref_axis',(-2.22044604925033E-15,0.,-1.));
#2561=DIRECTION('center_axis',(0.,0.,1.));
#2562=DIRECTION('ref_axis',(1.,0.,0.));
#2563=DIRECTION('',(0.,1.,0.));
#2564=DIRECTION('',(1.,0.,0.));
#2565=DIRECTION('center_axis',(0.,1.,0.));
#2566=DIRECTION('ref_axis',(-0.500000000000007,0.,0.866025403784434));
#2567=DIRECTION('',(0.,1.,0.));
#2568=DIRECTION('center_axis',(0.,-1.,0.));
#2569=DIRECTION('ref_axis',(0.500000000000007,0.,-0.866025403784434));
#2570=DIRECTION('center_axis',(-0.500000000000001,0.,0.866025403784438));
#2571=DIRECTION('ref_axis',(0.866025403784438,0.,0.500000000000001));
#2572=DIRECTION('',(0.,1.,0.));
#2573=DIRECTION('',(0.866025403784438,0.,0.500000000000001));
#2574=DIRECTION('',(0.866025403784438,0.,0.500000000000001));
#2575=DIRECTION('center_axis',(0.500000000000001,0.,-0.866025403784438));
#2576=DIRECTION('ref_axis',(0.866025403784437,1.48029736616687E-15,0.500000000000002));
#2577=DIRECTION('center_axis',(0.,1.,0.));
#2578=DIRECTION('ref_axis',(-0.499999999999996,0.,0.866025403784441));
#2579=DIRECTION('',(0.,1.,0.));
#2580=DIRECTION('center_axis',(0.,1.,0.));
#2581=DIRECTION('ref_axis',(-0.499999999999996,0.,0.866025403784441));
#2582=DIRECTION('center_axis',(0.866025403784439,0.,0.5));
#2583=DIRECTION('ref_axis',(0.5,0.,-0.866025403784438));
#2584=DIRECTION('',(0.,1.,0.));
#2585=DIRECTION('',(0.5,0.,-0.866025403784438));
#2586=DIRECTION('center_axis',(0.,1.,0.));
#2587=DIRECTION('ref_axis',(0.866025403784441,0.,0.499999999999996));
#2588=DIRECTION('',(0.,1.,0.));
#2589=DIRECTION('center_axis',(0.,1.,0.));
#2590=DIRECTION('ref_axis',(0.866025403784442,0.,0.499999999999995));
#2591=DIRECTION('center_axis',(0.500000000000001,0.,-0.866025403784438));
#2592=DIRECTION('ref_axis',(-0.866025403784438,0.,-0.500000000000001));
#2593=DIRECTION('',(0.,1.,0.));
#2594=DIRECTION('',(-0.866025403784438,0.,-0.500000000000001));
#2595=DIRECTION('',(-0.866025403784438,0.,-0.500000000000001));
#2596=DIRECTION('center_axis',(-0.500000000000001,0.,0.866025403784438));
#2597=DIRECTION('ref_axis',(0.866025403784437,1.48029736616687E-15,0.500000000000002));
#2598=DIRECTION('center_axis',(0.,1.,0.));
#2599=DIRECTION('ref_axis',(0.866025403784439,0.,-0.499999999999999));
#2600=DIRECTION('',(0.,1.,0.));
#2601=DIRECTION('center_axis',(0.,-1.,0.));
#2602=DIRECTION('ref_axis',(-0.866025403784439,0.,0.499999999999999));
#2603=DIRECTION('center_axis',(0.866025403784439,0.,-0.5));
#2604=DIRECTION('ref_axis',(-0.5,0.,-0.866025403784439));
#2605=DIRECTION('',(0.,1.,0.));
#2606=DIRECTION('',(-0.5,0.,-0.866025403784439));
#2607=DIRECTION('center_axis',(0.,1.,0.));
#2608=DIRECTION('ref_axis',(0.,0.,1.));
#2609=DIRECTION('center_axis',(0.,-1.,0.));
#2610=DIRECTION('ref_axis',(1.,0.,0.));
#2611=DIRECTION('center_axis',(0.,-1.,0.));
#2612=DIRECTION('ref_axis',(1.,0.,0.));
#2613=DIRECTION('center_axis',(0.,-1.,0.));
#2614=DIRECTION('ref_axis',(1.,0.,0.));
#2615=DIRECTION('center_axis',(0.,-1.,0.));
#2616=DIRECTION('ref_axis',(1.,0.,0.));
#2617=DIRECTION('center_axis',(0.,-1.,0.));
#2618=DIRECTION('ref_axis',(1.,0.,0.));
#2619=DIRECTION('center_axis',(0.,-1.,0.));
#2620=DIRECTION('ref_axis',(1.,0.,0.));
#2621=DIRECTION('center_axis',(0.,-1.,0.));
#2622=DIRECTION('ref_axis',(1.,0.,0.));
#2623=DIRECTION('center_axis',(0.,-1.,0.));
#2624=DIRECTION('ref_axis',(1.,0.,0.));
#2625=DIRECTION('center_axis',(0.,-1.,0.));
#2626=DIRECTION('ref_axis',(1.,0.,0.));
#2627=DIRECTION('',(-0.707106781186546,-0.707106781186549,8.65956056235491E-17));
#2628=DIRECTION('center_axis',(0.,1.,0.));
#2629=DIRECTION('ref_axis',(1.,0.,0.));
#2630=DIRECTION('center_axis',(0.,1.,0.));
#2631=DIRECTION('ref_axis',(1.,0.,0.));
#2632=DIRECTION('center_axis',(0.,1.,0.));
#2633=DIRECTION('ref_axis',(-1.,0.,0.));
#2634=DIRECTION('',(0.,-1.,0.));
#2635=DIRECTION('center_axis',(0.,-1.,0.));
#2636=DIRECTION('ref_axis',(1.,0.,0.));
#2637=DIRECTION('center_axis',(0.,-1.,0.));
#2638=DIRECTION('ref_axis',(1.,0.,0.));
#2639=DIRECTION('center_axis',(0.,1.,0.));
#2640=DIRECTION('ref_axis',(0.,0.,1.));
#2641=DIRECTION('center_axis',(0.,-1.,0.));
#2642=DIRECTION('ref_axis',(1.,0.,0.));
#2643=DIRECTION('center_axis',(0.,-1.,0.));
#2644=DIRECTION('ref_axis',(1.,0.,0.));
#2645=DIRECTION('center_axis',(0.,-1.,0.));
#2646=DIRECTION('ref_axis',(1.,0.,0.));
#2647=DIRECTION('center_axis',(0.,-1.,0.));
#2648=DIRECTION('ref_axis',(1.,0.,0.));
#2649=DIRECTION('center_axis',(0.,-1.,0.));
#2650=DIRECTION('ref_axis',(1.,0.,0.));
#2651=DIRECTION('center_axis',(0.,-1.,0.));
#2652=DIRECTION('ref_axis',(1.,0.,0.));
#2653=DIRECTION('center_axis',(0.,-1.,0.));
#2654=DIRECTION('ref_axis',(1.,0.,0.));
#2655=DIRECTION('center_axis',(0.353553390593272,0.707106781186549,0.612372435695794));
#2656=DIRECTION('ref_axis',(0.866025403784439,0.,-0.499999999999999));
#2657=DIRECTION('',(-0.353553390593271,0.707106781186547,-0.612372435695797));
#2658=DIRECTION('',(-0.866025403784439,0.,0.499999999999999));
#2659=DIRECTION('center_axis',(0.,1.,0.));
#2660=DIRECTION('ref_axis',(-2.22044604925033E-15,0.,-1.));
#2661=DIRECTION('',(0.,0.70710678118655,-0.707106781186545));
#2662=DIRECTION('center_axis',(0.,1.,0.));
#2663=DIRECTION('ref_axis',(-2.22044604925033E-15,0.,-1.));
#2664=DIRECTION('center_axis',(0.,0.707106781186548,0.707106781186547));
#2665=DIRECTION('ref_axis',(1.,0.,0.));
#2666=DIRECTION('',(0.,0.707106781186547,-0.707106781186548));
#2667=DIRECTION('',(-1.,0.,0.));
#2668=DIRECTION('center_axis',(0.,1.,0.));
#2669=DIRECTION('ref_axis',(0.500000000000007,0.,-0.866025403784434));
#2670=DIRECTION('',(0.353553390593281,0.707106781186546,-0.612372435695791));
#2671=DIRECTION('center_axis',(0.,1.,0.));
#2672=DIRECTION('ref_axis',(0.500000000000008,0.,-0.866025403784434));
#2673=DIRECTION('center_axis',(-0.353553390593275,0.707106781186546,0.612372435695795));
#2674=DIRECTION('ref_axis',(0.866025403784438,0.,0.500000000000001));
#2675=DIRECTION('',(-0.866025403784438,0.,-0.500000000000001));
#2676=DIRECTION('center_axis',(-0.707106781186547,0.707106781186548,-1.24424841564393E-15));
#2677=DIRECTION('ref_axis',(-1.75963298436488E-15,0.,1.));
#2678=DIRECTION('',(-1.75963298436488E-15,0.,1.));
#2679=DIRECTION('',(0.707106781186548,0.707106781186547,0.));
#2680=DIRECTION('',(1.75963298436488E-15,0.,-1.));
#2681=DIRECTION('center_axis',(0.,1.,0.));
#2682=DIRECTION('ref_axis',(0.86602540378444,0.,0.499999999999997));
#2683=DIRECTION('',(0.612372435695795,0.707106781186548,0.353553390593272));
#2684=DIRECTION('center_axis',(0.,1.,0.));
#2685=DIRECTION('ref_axis',(0.86602540378444,0.,0.499999999999997));
#2686=DIRECTION('center_axis',(0.,-1.,0.));
#2687=DIRECTION('ref_axis',(0.86602540378444,0.,0.499999999999997));
#2688=DIRECTION('center_axis',(-0.612372435695795,0.707106781186547,-0.353553390593274));
#2689=DIRECTION('ref_axis',(-0.5,0.,0.866025403784438));
#2690=DIRECTION('',(0.612372435695796,0.707106781186546,0.353553390593275));
#2691=DIRECTION('',(0.5,0.,-0.866025403784438));
#2692=DIRECTION('',(-0.5,0.,0.866025403784438));
#2693=DIRECTION('center_axis',(0.,1.,0.));
#2694=DIRECTION('ref_axis',(0.499999999999993,0.,0.866025403784442));
#2695=DIRECTION('',(0.353553390593267,0.707106781186549,0.612372435695797));
#2696=DIRECTION('center_axis',(0.,1.,0.));
#2697=DIRECTION('ref_axis',(0.499999999999993,0.,0.866025403784443));
#2698=DIRECTION('center_axis',(0.,-1.,0.));
#2699=DIRECTION('ref_axis',(0.499999999999993,0.,0.866025403784443));
#2700=DIRECTION('center_axis',(-0.353553390593274,0.707106781186546,-0.612372435695796));
#2701=DIRECTION('ref_axis',(-0.866025403784439,0.,0.499999999999999));
#2702=DIRECTION('',(0.866025403784439,0.,-0.499999999999999));
#2703=DIRECTION('',(-0.866025403784439,0.,0.499999999999999));
#2704=DIRECTION('center_axis',(-0.499999999999999,0.,-0.866025403784439));
#2705=DIRECTION('ref_axis',(-0.866025403784439,0.,0.499999999999999));
#2706=DIRECTION('',(0.,1.,0.));
#2707=DIRECTION('',(-0.866025403784439,0.,0.499999999999999));
#2708=DIRECTION('',(0.,1.,0.));
#2709=DIRECTION('center_axis',(0.499999999999999,0.,0.866025403784439));
#2710=DIRECTION('ref_axis',(-0.86602540378444,1.48029736616687E-15,0.499999999999998));
#2711=DIRECTION('center_axis',(0.,1.,0.));
#2712=DIRECTION('ref_axis',(-0.499999999999993,0.,-0.866025403784443));
#2713=DIRECTION('',(0.,1.,0.));
#2714=DIRECTION('center_axis',(-0.866025403784438,0.,-0.5));
#2715=DIRECTION('ref_axis',(-0.5,0.,0.866025403784438));
#2716=DIRECTION('',(0.,1.,0.));
#2717=DIRECTION('center_axis',(0.,1.,0.));
#2718=DIRECTION('ref_axis',(-0.86602540378444,0.,-0.499999999999997));
#2719=DIRECTION('',(0.,1.,0.));
#2720=DIRECTION('center_axis',(-1.,0.,-1.75963298436488E-15));
#2721=DIRECTION('ref_axis',(-1.75963298436488E-15,0.,1.));
#2722=DIRECTION('',(-1.75963298436488E-15,0.,1.));
#2723=DIRECTION('',(0.,1.,0.));
#2724=DIRECTION('center_axis',(1.,0.,1.75963298436488E-15));
#2725=DIRECTION('ref_axis',(1.77635683940025E-15,1.48029736616688E-15,-1.));
#2726=DIRECTION('center_axis',(0.353553390593274,0.707106781186549,-0.612372435695793));
#2727=DIRECTION('ref_axis',(-0.866025403784438,0.,-0.500000000000001));
#2728=DIRECTION('',(-0.353553390593271,0.707106781186546,0.612372435695798));
#2729=DIRECTION('',(0.866025403784438,0.,0.500000000000001));
#2730=DIRECTION('center_axis',(0.,1.,0.));
#2731=DIRECTION('ref_axis',(-0.866025403784439,0.,0.499999999999999));
#2732=DIRECTION('',(-0.612372435695796,0.707106781186546,0.353553390593273));
#2733=DIRECTION('center_axis',(0.,1.,0.));
#2734=DIRECTION('ref_axis',(-0.866025403784439,0.,0.499999999999999));
#2735=DIRECTION('center_axis',(0.612372435695793,0.70710678118655,-0.353553390593273));
#2736=DIRECTION('ref_axis',(-0.5,0.,-0.866025403784439));
#2737=DIRECTION('',(-0.612372435695794,0.707106781186543,0.353553390593285));
#2738=DIRECTION('',(0.5,0.,0.866025403784439));
#2739=DIRECTION('center_axis',(0.,1.,0.));
#2740=DIRECTION('ref_axis',(-1.,0.,-1.11022302462518E-14));
#2741=DIRECTION('',(-0.707106781186548,0.707106781186547,-1.04672830578918E-14));
#2742=DIRECTION('center_axis',(0.,1.,0.));
#2743=DIRECTION('ref_axis',(-1.,0.,-1.11022302462518E-14));
#2744=DIRECTION('center_axis',(0.,-1.,0.));
#2745=DIRECTION('ref_axis',(-1.,0.,-1.11022302462518E-14));
#2746=DIRECTION('center_axis',(0.707106781186547,0.707106781186548,1.32719831002019E-15));
#2747=DIRECTION('ref_axis',(1.87694184998921E-15,0.,-1.));
#2748=DIRECTION('',(-1.87694184998921E-15,0.,1.));
#2749=DIRECTION('',(1.87694184998921E-15,0.,-1.));
#2750=DIRECTION('center_axis',(1.,0.,1.87694184998921E-15));
#2751=DIRECTION('ref_axis',(1.87694184998921E-15,0.,-1.));
#2752=DIRECTION('',(0.,1.,0.));
#2753=DIRECTION('',(1.87694184998921E-15,0.,-1.));
#2754=DIRECTION('',(0.,1.,0.));
#2755=DIRECTION('center_axis',(-1.,0.,-1.87694184998921E-15));
#2756=DIRECTION('ref_axis',(1.77635683940025E-15,1.48029736616688E-15,-1.));
#2757=DIRECTION('center_axis',(0.,1.,0.));
#2758=DIRECTION('ref_axis',(1.,0.,1.11022302462518E-14));
#2759=DIRECTION('center_axis',(0.,-1.,0.));
#2760=DIRECTION('ref_axis',(1.,0.,0.));
#2761=DIRECTION('center_axis',(0.,1.,0.));
#2762=DIRECTION('ref_axis',(1.,0.,0.));
#2763=DIRECTION('',(0.707106781186548,0.707106781186547,8.65956056235494E-17));
#2764=DIRECTION('center_axis',(0.,1.,0.));
#2765=DIRECTION('ref_axis',(0.,0.,1.));
#2766=DIRECTION('center_axis',(0.500000000000002,0.,-0.866025403784437));
#2767=DIRECTION('ref_axis',(0.866025403784437,1.48029736616687E-15,0.500000000000002));
#2768=DIRECTION('',(0.500000000000002,0.,-0.866025403784437));
#2769=DIRECTION('center_axis',(0.499999999999998,0.,0.86602540378444));
#2770=DIRECTION('ref_axis',(-0.86602540378444,1.48029736616687E-15,0.499999999999998));
#2771=DIRECTION('',(0.499999999999998,0.,0.86602540378444));
#2772=DIRECTION('center_axis',(-1.,0.,-1.77635683940025E-15));
#2773=DIRECTION('ref_axis',(1.77635683940025E-15,1.48029736616688E-15,-1.));
#2774=DIRECTION('',(-1.,0.,-1.77635683940025E-15));
#2775=DIRECTION('center_axis',(0.353553390593273,0.707106781186547,0.612372435695795));
#2776=DIRECTION('ref_axis',(0.866025403784439,0.,-0.499999999999999));
#2777=DIRECTION('',(-0.353553390593273,0.707106781186548,-0.612372435695795));
#2778=DIRECTION('',(-0.866025403784439,0.,0.499999999999999));
#2779=DIRECTION('',(0.353553390593272,-0.707106781186547,0.612372435695796));
#2780=DIRECTION('center_axis',(0.612372435695795,0.707106781186548,-0.353553390593274));
#2781=DIRECTION('ref_axis',(-0.5,0.,-0.866025403784439));
#2782=DIRECTION('',(-0.612372435695795,0.707106781186548,0.353553390593273));
#2783=DIRECTION('',(0.5,0.,0.866025403784439));
#2784=DIRECTION('',(0.612372435695794,-0.707106781186547,-0.353553390593274));
#2785=DIRECTION('center_axis',(0.,-1.,0.));
#2786=DIRECTION('ref_axis',(0.5,0.,0.866025403784439));
#2787=DIRECTION('center_axis',(-0.353553390593273,0.707106781186547,-0.612372435695795));
#2788=DIRECTION('ref_axis',(-0.866025403784439,0.,0.499999999999999));
#2789=DIRECTION('',(0.353553390593273,0.707106781186548,0.612372435695795));
#2790=DIRECTION('',(0.866025403784439,0.,-0.499999999999999));
#2791=DIRECTION('',(-0.353553390593273,-0.707106781186547,-0.612372435695795));
#2792=DIRECTION('center_axis',(0.,-1.,0.));
#2793=DIRECTION('ref_axis',(0.866025403784437,0.,-0.500000000000003));
#2794=DIRECTION('center_axis',(-0.612372435695795,0.707106781186547,0.353553390593274));
#2795=DIRECTION('ref_axis',(0.5,0.,0.866025403784439));
#2796=DIRECTION('',(0.612372435695794,0.707106781186547,-0.353553390593274));
#2797=DIRECTION('',(-0.5,0.,-0.866025403784439));
#2798=DIRECTION('',(-0.612372435695794,-0.707106781186547,0.353553390593274));
#2799=DIRECTION('',(0.5,0.,0.866025403784439));
#2800=DIRECTION('center_axis',(0.,-1.,0.));
#2801=DIRECTION('ref_axis',(-0.500000000000005,0.,-0.866025403784436));
#2802=DIRECTION('center_axis',(0.,1.,0.));
#2803=DIRECTION('ref_axis',(-0.500000000000005,0.,-0.866025403784436));
#2804=DIRECTION('center_axis',(0.,-1.,0.));
#2805=DIRECTION('ref_axis',(-0.866025403784436,0.,0.500000000000005));
#2806=DIRECTION('center_axis',(-0.866025403784439,0.,0.5));
#2807=DIRECTION('ref_axis',(0.5,0.,0.866025403784439));
#2808=DIRECTION('',(0.,1.,0.));
#2809=DIRECTION('center_axis',(0.,1.,0.));
#2810=DIRECTION('ref_axis',(0.,0.,1.));
#2811=DIRECTION('center_axis',(0.707106781186542,0.707106781186553,1.32719831002018E-15));
#2812=DIRECTION('ref_axis',(1.87694184998921E-15,0.,-1.));
#2813=DIRECTION('',(-0.707106781186547,0.707106781186548,-3.14018491736756E-15));
#2814=DIRECTION('',(-1.87694184998921E-15,0.,1.));
#2815=DIRECTION('',(0.707106781186548,-0.707106781186547,1.57009245868377E-15));
#2816=DIRECTION('center_axis',(0.,0.707106781186548,-0.707106781186547));
#2817=DIRECTION('ref_axis',(-1.,0.,0.));
#2818=DIRECTION('',(0.,0.707106781186547,0.707106781186548));
#2819=DIRECTION('',(1.,0.,0.));
#2820=DIRECTION('',(0.,-0.707106781186547,-0.707106781186548));
#2821=DIRECTION('',(-1.,0.,0.));
#2822=DIRECTION('center_axis',(0.,-1.,0.));
#2823=DIRECTION('ref_axis',(1.,0.,-4.4408920985006E-15));
#2824=DIRECTION('center_axis',(0.,1.,0.));
#2825=DIRECTION('ref_axis',(1.,0.,-4.4408920985006E-15));
#2826=DIRECTION('center_axis',(-0.707106781186553,0.707106781186542,-1.24424841564394E-15));
#2827=DIRECTION('ref_axis',(-1.75963298436488E-15,0.,1.));
#2828=DIRECTION('',(0.707106781186547,0.707106781186548,1.57009245868378E-15));
#2829=DIRECTION('',(1.75963298436488E-15,0.,-1.));
#2830=DIRECTION('',(-0.707106781186548,-0.707106781186547,-3.14018491736755E-15));
#2831=DIRECTION('center_axis',(0.,-1.,0.));
#2832=DIRECTION('ref_axis',(-6.10622663543833E-15,0.,-1.));
#2833=DIRECTION('center_axis',(0.,1.,0.));
#2834=DIRECTION('ref_axis',(-6.10622663543833E-15,0.,-1.));
#2835=DIRECTION('center_axis',(0.,0.707106781186548,0.707106781186547));
#2836=DIRECTION('ref_axis',(1.,0.,0.));
#2837=DIRECTION('',(3.92523114670944E-16,0.707106781186547,-0.707106781186548));
#2838=DIRECTION('',(-1.,0.,0.));
#2839=DIRECTION('',(0.,-0.707106781186547,0.707106781186548));
#2840=DIRECTION('center_axis',(0.,-1.,0.));
#2841=DIRECTION('ref_axis',(-1.,0.,0.));
#2842=DIRECTION('center_axis',(0.,-1.,0.));
#2843=DIRECTION('ref_axis',(1.66533453693773E-15,0.,1.));
#2844=DIRECTION('center_axis',(0.,1.,0.));
#2845=DIRECTION('ref_axis',(1.,0.,-4.4408920985006E-15));
#2846=DIRECTION('',(0.,1.,0.));
#2847=DIRECTION('center_axis',(0.,1.,0.));
#2848=DIRECTION('ref_axis',(0.,0.,1.));
#2849=DIRECTION('center_axis',(-0.353553390593275,0.707106781186547,0.612372435695795));
#2850=DIRECTION('ref_axis',(0.866025403784438,0.,0.500000000000001));
#2851=DIRECTION('',(0.353553390593274,0.707106781186548,-0.612372435695793));
#2852=DIRECTION('',(-0.866025403784438,0.,-0.500000000000001));
#2853=DIRECTION('',(-0.353553390593275,-0.707106781186547,0.612372435695794));
#2854=DIRECTION('center_axis',(0.612372435695794,0.707106781186548,0.353553390593274));
#2855=DIRECTION('ref_axis',(0.5,0.,-0.866025403784438));
#2856=DIRECTION('',(-0.612372435695794,0.707106781186547,-0.353553390593275));
#2857=DIRECTION('',(-0.5,0.,0.866025403784438));
#2858=DIRECTION('',(0.612372435695794,-0.707106781186547,0.353553390593274));
#2859=DIRECTION('center_axis',(0.,-1.,0.));
#2860=DIRECTION('ref_axis',(-0.499999999999996,0.,0.866025403784441));
#2861=DIRECTION('center_axis',(0.353553390593275,0.707106781186548,-0.612372435695794));
#2862=DIRECTION('ref_axis',(-0.866025403784438,0.,-0.500000000000001));
#2863=DIRECTION('',(-0.353553390593274,0.707106781186548,0.612372435695794));
#2864=DIRECTION('',(0.866025403784438,0.,0.500000000000001));
#2865=DIRECTION('',(0.353553390593275,-0.707106781186546,-0.612372435695795));
#2866=DIRECTION('center_axis',(0.,-1.,0.));
#2867=DIRECTION('ref_axis',(0.866025403784442,0.,0.499999999999995));
#2868=DIRECTION('center_axis',(-0.612372435695794,0.707106781186548,-0.353553390593274));
#2869=DIRECTION('ref_axis',(-0.5,0.,0.866025403784438));
#2870=DIRECTION('',(0.612372435695794,0.707106781186547,0.353553390593274));
#2871=DIRECTION('',(0.5,0.,-0.866025403784438));
#2872=DIRECTION('',(-0.612372435695794,-0.707106781186547,-0.353553390593274));
#2873=DIRECTION('center_axis',(0.,-1.,0.));
#2874=DIRECTION('ref_axis',(0.5,0.,-0.866025403784439));
#2875=DIRECTION('center_axis',(0.,-1.,0.));
#2876=DIRECTION('ref_axis',(-0.866025403784439,0.,-0.5));
#2877=DIRECTION('center_axis',(0.,1.,0.));
#2878=DIRECTION('ref_axis',(0.,0.,1.));
#2879=DIRECTION('center_axis',(0.,1.,0.));
#2880=DIRECTION('ref_axis',(-0.500000000000004,0.,-0.866025403784436));
#2881=DIRECTION('center_axis',(0.,1.,0.));
#2882=DIRECTION('ref_axis',(-6.10622663543833E-15,0.,-1.));
#2883=DIRECTION('',(0.,1.,0.));
#2884=DIRECTION('center_axis',(0.,0.,-1.));
#2885=DIRECTION('ref_axis',(-1.,0.,0.));
#2886=DIRECTION('center_axis',(0.,1.,0.));
#2887=DIRECTION('ref_axis',(1.,0.,0.));
#2888=DIRECTION('',(0.,-1.,0.));
#2889=DIRECTION('center_axis',(0.,1.,0.));
#2890=DIRECTION('ref_axis',(1.,0.,0.));
#2891=DIRECTION('',(0.,-1.,0.));
#2892=DIRECTION('center_axis',(0.,1.,0.));
#2893=DIRECTION('ref_axis',(1.,0.,0.));
#2894=DIRECTION('',(0.,-1.,0.));
#2895=DIRECTION('center_axis',(0.,1.,0.));
#2896=DIRECTION('ref_axis',(1.,0.,0.));
#2897=DIRECTION('',(0.,-1.,0.));
#2898=DIRECTION('center_axis',(0.,1.,0.));
#2899=DIRECTION('ref_axis',(1.,0.,0.));
#2900=DIRECTION('',(0.,-1.,0.));
#2901=DIRECTION('center_axis',(0.,1.,0.));
#2902=DIRECTION('ref_axis',(1.,0.,0.));
#2903=DIRECTION('',(0.,-1.,0.));
#2904=DIRECTION('center_axis',(0.,1.,0.));
#2905=DIRECTION('ref_axis',(1.,0.,0.));
#2906=DIRECTION('',(0.,-1.,0.));
#2907=CARTESIAN_POINT('',(0.,0.,0.));
#2908=CARTESIAN_POINT('Origin',(8.,3.25,-37.));
#2909=CARTESIAN_POINT('',(9.40000000000002,3.,-34.9287684822792));
#2910=CARTESIAN_POINT('',(8.90000000000002,3.5,-35.2139428900508));
#2911=CARTESIAN_POINT('Ctrl Pts',(9.40000000000002,3.,-34.9287684822792));
#2912=CARTESIAN_POINT('Ctrl Pts',(9.13151717208006,3.26848282791996,-35.071355686165));
#2913=CARTESIAN_POINT('Ctrl Pts',(8.90000000000002,3.5,-35.2139428900508));
#2914=CARTESIAN_POINT('',(8.,3.5,-35.));
#2915=CARTESIAN_POINT('Origin',(8.,3.5,-37.));
#2916=CARTESIAN_POINT('',(8.,3.,-34.5));
#2917=CARTESIAN_POINT('',(8.,3.5,-35.));
#2918=CARTESIAN_POINT('Origin',(8.,3.,-37.));
#2919=CARTESIAN_POINT('Origin',(-4.,3.25,-34.75));
#2920=CARTESIAN_POINT('',(-8.,3.5,-35.));
#2921=CARTESIAN_POINT('',(-8.,3.,-34.5));
#2922=CARTESIAN_POINT('',(-8.,3.5,-35.));
#2923=CARTESIAN_POINT('',(-4.,3.,-34.5));
#2924=CARTESIAN_POINT('',(-4.,3.5,-35.));
#2925=CARTESIAN_POINT('Origin',(-8.,3.25,-37.));
#2926=CARTESIAN_POINT('',(-8.89999999999997,3.5,-35.2139428900508));
#2927=CARTESIAN_POINT('',(-9.39999999999997,3.,-34.9287684822792));
#2928=CARTESIAN_POINT('Ctrl Pts',(-8.89999999999997,3.5,-35.2139428900508));
#2929=CARTESIAN_POINT('Ctrl Pts',(-9.13151717208004,3.26848282791993,-35.071355686165));
#2930=CARTESIAN_POINT('Ctrl Pts',(-9.39999999999997,3.,-34.9287684822792));
#2931=CARTESIAN_POINT('Origin',(-8.,3.,-37.));
#2932=CARTESIAN_POINT('Origin',(-8.,3.5,-37.));
#2933=CARTESIAN_POINT('Origin',(-8.,0.,-37.));
#2934=CARTESIAN_POINT('',(-9.99999999999997,2.4,-37.));
#2935=CARTESIAN_POINT('Origin',(-8.,4.39999999999997,-37.));
#2936=CARTESIAN_POINT('',(-8.,6.,-35.));
#2937=CARTESIAN_POINT('',(-8.,0.,-35.));
#2938=CARTESIAN_POINT('',(-10.,6.,-37.));
#2939=CARTESIAN_POINT('Origin',(-8.,6.,-37.));
#2940=CARTESIAN_POINT('',(-10.,0.,-37.));
#2941=CARTESIAN_POINT('Origin',(-8.,0.,-35.));
#2942=CARTESIAN_POINT('',(8.,6.,-35.));
#2943=CARTESIAN_POINT('',(8.,0.,-35.));
#2944=CARTESIAN_POINT('',(-4.,6.,-35.));
#2945=CARTESIAN_POINT('Origin',(8.,0.,-37.));
#2946=CARTESIAN_POINT('',(10.,2.4,-37.));
#2947=CARTESIAN_POINT('Origin',(8.,4.40000000000003,-37.));
#2948=CARTESIAN_POINT('',(10.,6.,-37.));
#2949=CARTESIAN_POINT('',(10.,0.,-37.));
#2950=CARTESIAN_POINT('Origin',(8.,6.,-37.));
#2951=CARTESIAN_POINT('Origin',(-36.0429399400242,3.25,11.5717967697245));
#2952=CARTESIAN_POINT('',(-34.949200828559,3.,9.32374544556587));
#2953=CARTESIAN_POINT('',(-34.9461691101984,3.5,9.8993453513439));
#2954=CARTESIAN_POINT('Ctrl Pts',(-34.949200828559,3.,9.32374544556587));
#2955=CARTESIAN_POINT('Ctrl Pts',(-34.9384435554187,3.26848282791995,9.62755199696733));
#2956=CARTESIAN_POINT('Ctrl Pts',(-34.9461691101984,3.5,9.8993453513439));
#2957=CARTESIAN_POINT('',(-34.3108891324554,3.5,10.5717967697245));
#2958=CARTESIAN_POINT('Origin',(-36.0429399400242,3.5,11.5717967697245));
#2959=CARTESIAN_POINT('',(-33.8778764305631,3.,10.3217967697245));
#2960=CARTESIAN_POINT('',(-34.3108891324554,3.5,10.5717967697245));
#2961=CARTESIAN_POINT('Origin',(-36.0429399400242,3.,11.5717967697245));
#2962=CARTESIAN_POINT('Origin',(-29.1595665277608,3.25,18.9941492472336));
#2963=CARTESIAN_POINT('',(-26.3108891324554,3.5,24.4282032302755));
#2964=CARTESIAN_POINT('',(-25.8778764305631,3.,24.1782032302755));
#2965=CARTESIAN_POINT('',(-26.3108891324554,3.5,24.4282032302755));
#2966=CARTESIAN_POINT('',(-28.9430601768147,3.,18.8691492472336));
#2967=CARTESIAN_POINT('',(-29.3760728787069,3.5,19.1191492472336));
#2968=CARTESIAN_POINT('Origin',(-28.0429399400242,3.25,25.4282032302755));
#2969=CARTESIAN_POINT('',(-26.0461691101984,3.5,25.3145975387069));
#2970=CARTESIAN_POINT('',(-25.549200828559,3.,25.6050230367133));
#2971=CARTESIAN_POINT('Ctrl Pts',(-26.0461691101984,3.5,25.3145975387069));
#2972=CARTESIAN_POINT('Ctrl Pts',(-25.8069263833387,3.26848282791997,25.4438036891976));
#2973=CARTESIAN_POINT('Ctrl Pts',(-25.549200828559,3.,25.6050230367133));
#2974=CARTESIAN_POINT('Origin',(-28.0429399400242,3.,25.4282032302755));
#2975=CARTESIAN_POINT('Origin',(-28.0429399400242,3.5,25.4282032302755));
#2976=CARTESIAN_POINT('Origin',(-28.0429399400242,0.,25.4282032302755));
#2977=CARTESIAN_POINT('',(-27.0429399400242,2.4,27.1602540378444));
#2978=CARTESIAN_POINT('Origin',(-28.0429399400242,4.4,25.4282032302755));
#2979=CARTESIAN_POINT('',(-26.3108891324554,6.,24.4282032302755));
#2980=CARTESIAN_POINT('',(-26.3108891324554,0.,24.4282032302755));
#2981=CARTESIAN_POINT('',(-27.0429399400242,6.,27.1602540378444));
#2982=CARTESIAN_POINT('Origin',(-28.0429399400242,6.,25.4282032302755));
#2983=CARTESIAN_POINT('',(-27.0429399400242,0.,27.1602540378444));
#2984=CARTESIAN_POINT('Origin',(-26.3108891324554,0.,24.4282032302755));
#2985=CARTESIAN_POINT('',(-34.3108891324554,6.,10.5717967697245));
#2986=CARTESIAN_POINT('',(-34.3108891324554,0.,10.5717967697245));
#2987=CARTESIAN_POINT('',(-28.3108891324554,6.,20.9641016151377));
#2988=CARTESIAN_POINT('Origin',(-36.0429399400242,0.,11.5717967697245));
#2989=CARTESIAN_POINT('',(-37.0429399400242,2.4,9.83974596215561));
#2990=CARTESIAN_POINT('Origin',(-36.0429399400242,4.40000000000001,11.5717967697245));
#2991=CARTESIAN_POINT('',(-37.0429399400242,6.,9.83974596215561));
#2992=CARTESIAN_POINT('',(-37.0429399400242,0.,9.83974596215561));
#2993=CARTESIAN_POINT('Origin',(-36.0429399400242,6.,11.5717967697245));
#2994=CARTESIAN_POINT('Origin',(28.0429399400242,3.25,25.4282032302755));
#2995=CARTESIAN_POINT('',(25.549200828559,3.,25.6050230367133));
#2996=CARTESIAN_POINT('',(26.0461691101984,3.5,25.3145975387069));
#2997=CARTESIAN_POINT('Ctrl Pts',(25.549200828559,3.,25.6050230367133));
#2998=CARTESIAN_POINT('Ctrl Pts',(25.8069263833387,3.26848282792001,25.4438036891976));
#2999=CARTESIAN_POINT('Ctrl Pts',(26.0461691101984,3.5,25.3145975387069));
#3000=CARTESIAN_POINT('',(26.3108891324553,3.5,24.4282032302755));
#3001=CARTESIAN_POINT('Origin',(28.0429399400242,3.5,25.4282032302755));
#3002=CARTESIAN_POINT('',(25.8778764305631,3.,24.1782032302755));
#3003=CARTESIAN_POINT('',(26.3108891324553,3.5,24.4282032302755));
#3004=CARTESIAN_POINT('Origin',(28.0429399400242,3.,25.4282032302755));
#3005=CARTESIAN_POINT('Origin',(33.1595665277607,3.25,12.0659460169581));
#3006=CARTESIAN_POINT('',(34.3108891324553,3.5,10.5717967697245));
#3007=CARTESIAN_POINT('',(33.8778764305631,3.,10.3217967697245));
#3008=CARTESIAN_POINT('',(34.3108891324553,3.5,10.5717967697245));
#3009=CARTESIAN_POINT('',(32.9430601768146,3.,11.9409460169581));
#3010=CARTESIAN_POINT('',(33.3760728787069,3.5,12.1909460169581));
#3011=CARTESIAN_POINT('Origin',(36.0429399400242,3.25,11.5717967697245));
#3012=CARTESIAN_POINT('',(34.9461691101984,3.5,9.89934535134393));
#3013=CARTESIAN_POINT('',(34.949200828559,3.,9.3237454455659));
#3014=CARTESIAN_POINT('Ctrl Pts',(34.9461691101984,3.5,9.89934535134393));
#3015=CARTESIAN_POINT('Ctrl Pts',(34.9384435554187,3.26848282792,9.62755199696742));
#3016=CARTESIAN_POINT('Ctrl Pts',(34.949200828559,3.,9.3237454455659));
#3017=CARTESIAN_POINT('Origin',(36.0429399400242,3.,11.5717967697245));
#3018=CARTESIAN_POINT('Origin',(36.0429399400242,3.5,11.5717967697245));
#3019=CARTESIAN_POINT('Origin',(36.0429399400242,0.,11.5717967697245));
#3020=CARTESIAN_POINT('',(37.0429399400242,2.4,9.83974596215564));
#3021=CARTESIAN_POINT('Origin',(36.0429399400242,4.4,11.5717967697245));
#3022=CARTESIAN_POINT('',(34.3108891324553,6.,10.5717967697245));
#3023=CARTESIAN_POINT('',(34.3108891324553,0.,10.5717967697245));
#3024=CARTESIAN_POINT('',(37.0429399400242,6.,9.83974596215563));
#3025=CARTESIAN_POINT('Origin',(36.0429399400242,6.,11.5717967697245));
#3026=CARTESIAN_POINT('',(37.0429399400242,0.,9.83974596215563));
#3027=CARTESIAN_POINT('Origin',(34.3108891324553,0.,10.5717967697245));
#3028=CARTESIAN_POINT('',(26.3108891324553,6.,24.4282032302755));
#3029=CARTESIAN_POINT('',(26.3108891324553,0.,24.4282032302755));
#3030=CARTESIAN_POINT('',(32.3108891324553,6.,14.0358983848623));
#3031=CARTESIAN_POINT('Origin',(28.0429399400242,0.,25.4282032302755));
#3032=CARTESIAN_POINT('',(27.0429399400242,2.4,27.1602540378444));
#3033=CARTESIAN_POINT('Origin',(28.0429399400242,4.40000000000001,25.4282032302755));
#3034=CARTESIAN_POINT('',(27.0429399400242,6.,27.1602540378444));
#3035=CARTESIAN_POINT('',(27.0429399400242,0.,27.1602540378444));
#3036=CARTESIAN_POINT('Origin',(28.0429399400242,6.,25.4282032302755));
#3037=CARTESIAN_POINT('Origin',(24.3199068917367,0.25,-4.69719370385634));
#3038=CARTESIAN_POINT('',(9.83493649053891,0.,-29.2858983848623));
#3039=CARTESIAN_POINT('',(10.2679491924311,0.5,-29.5358983848623));
#3040=CARTESIAN_POINT('',(9.83493649053891,0.,-29.2858983848623));
#3041=CARTESIAN_POINT('',(30.712812921102,0.5,5.87564434701787));
#3042=CARTESIAN_POINT('',(24.5364132426828,0.5,-4.82219370385634));
#3043=CARTESIAN_POINT('',(30.2798002192098,0.,6.12564434701787));
#3044=CARTESIAN_POINT('',(30.712812921102,0.5,5.87564434701787));
#3045=CARTESIAN_POINT('',(24.1034005407906,0.,-4.57219370385634));
#3046=CARTESIAN_POINT('Origin',(12.,0.25,-30.5358983848622));
#3047=CARTESIAN_POINT('',(9.50000000000001,0.,-30.5358983848623));
#3048=CARTESIAN_POINT('',(10.,0.5,-30.5358983848623));
#3049=CARTESIAN_POINT('',(9.50000000000001,0.,-30.5358983848623));
#3050=CARTESIAN_POINT('Origin',(12.,0.5,-30.5358983848622));
#3051=CARTESIAN_POINT('Origin',(12.,0.,-30.5358983848622));
#3052=CARTESIAN_POINT('Origin',(9.74999999999999,0.25,-17.72788568297));
#3053=CARTESIAN_POINT('',(9.50000000000004,0.,-43.));
#3054=CARTESIAN_POINT('',(10.,0.5,-43.));
#3055=CARTESIAN_POINT('',(9.50000000000004,0.,-43.));
#3056=CARTESIAN_POINT('',(9.99999999999999,0.5,-17.72788568297));
#3057=CARTESIAN_POINT('',(9.49999999999999,0.,-17.72788568297));
#3058=CARTESIAN_POINT('Origin',(7.99999999999999,0.25,-43.));
#3059=CARTESIAN_POINT('',(8.,0.,-44.5));
#3060=CARTESIAN_POINT('',(8.,0.5,-45.));
#3061=CARTESIAN_POINT('',(8.,0.,-44.5));
#3062=CARTESIAN_POINT('Origin',(7.99999999999999,0.5,-43.));
#3063=CARTESIAN_POINT('Origin',(7.99999999999999,0.,-43.));
#3064=CARTESIAN_POINT('Origin',(4.,0.25,-44.75));
#3065=CARTESIAN_POINT('',(-8.,0.,-44.5));
#3066=CARTESIAN_POINT('',(-8.,0.5,-45.));
#3067=CARTESIAN_POINT('',(-8.,0.,-44.5));
#3068=CARTESIAN_POINT('',(4.,0.5,-45.));
#3069=CARTESIAN_POINT('',(4.,0.,-44.5));
#3070=CARTESIAN_POINT('Origin',(-7.99999999999999,0.25,-43.));
#3071=CARTESIAN_POINT('',(-9.5,0.,-43.));
#3072=CARTESIAN_POINT('',(-10.,0.5,-43.));
#3073=CARTESIAN_POINT('',(-9.5,0.,-43.));
#3074=CARTESIAN_POINT('Origin',(-7.99999999999999,0.5,-43.));
#3075=CARTESIAN_POINT('Origin',(-7.99999999999999,0.,-43.));
#3076=CARTESIAN_POINT('Origin',(-9.75000000000001,0.25,-20.9599364905389));
#3077=CARTESIAN_POINT('',(-9.50000000000001,0.,-30.5358983848623));
#3078=CARTESIAN_POINT('',(-9.99999999999998,0.5,-30.5358983848623));
#3079=CARTESIAN_POINT('',(-9.50000000000001,0.,-30.5358983848623));
#3080=CARTESIAN_POINT('',(-10.,0.5,-20.9599364905389));
#3081=CARTESIAN_POINT('',(-9.50000000000003,0.,-20.9599364905389));
#3082=CARTESIAN_POINT('Origin',(-12.,0.25,-30.5358983848623));
#3083=CARTESIAN_POINT('',(-9.83493649053888,0.,-29.2858983848623));
#3084=CARTESIAN_POINT('',(-10.2679491924311,0.5,-29.5358983848623));
#3085=CARTESIAN_POINT('',(-9.83493649053888,0.,-29.2858983848623));
#3086=CARTESIAN_POINT('Origin',(-12.,0.5,-30.5358983848623));
#3087=CARTESIAN_POINT('Origin',(-12.,0.,-30.5358983848623));
#3088=CARTESIAN_POINT('Origin',(-14.0974750274012,0.25,-22.4029650697964));
#3089=CARTESIAN_POINT('',(-30.2798002192098,0.,6.12564434701787));
#3090=CARTESIAN_POINT('',(-30.712812921102,0.5,5.87564434701787));
#3091=CARTESIAN_POINT('',(-30.2798002192098,0.,6.12564434701787));
#3092=CARTESIAN_POINT('',(-14.3139813783473,0.5,-22.5279650697964));
#3093=CARTESIAN_POINT('',(-13.8809686764551,0.,-22.2779650697964));
#3094=CARTESIAN_POINT('Origin',(-32.4448637286709,0.25,4.87564434701788));
#3095=CARTESIAN_POINT('',(-31.1948637286709,0.,7.04070785647896));
#3096=CARTESIAN_POINT('',(-31.4448637286709,0.5,6.60769515458674));
#3097=CARTESIAN_POINT('',(-31.1948637286709,0.,7.04070785647896));
#3098=CARTESIAN_POINT('Origin',(-32.4448637286709,0.5,4.87564434701788));
#3099=CARTESIAN_POINT('Origin',(-32.4448637286709,0.,4.87564434701788));
#3100=CARTESIAN_POINT('Origin',(-17.0322481180839,0.25,-1.42475721331742));
#3101=CARTESIAN_POINT('',(-41.9890923627309,0.,13.2727586640478));
#3102=CARTESIAN_POINT('',(-42.2390923627309,0.5,12.8397459621556));
#3103=CARTESIAN_POINT('',(-41.9890923627309,0.,13.2727586640478));
#3104=CARTESIAN_POINT('',(-17.1572481180839,0.5,-1.64126356426353));
#3105=CARTESIAN_POINT('',(-16.9072481180839,0.,-1.20825086237131));
#3106=CARTESIAN_POINT('Origin',(-41.2390923627309,0.25,14.5717967697245));
#3107=CARTESIAN_POINT('',(-42.5381304684075,0.,15.3217967697245));
#3108=CARTESIAN_POINT('',(-42.9711431702997,0.5,15.5717967697245));
#3109=CARTESIAN_POINT('',(-42.5381304684075,0.,15.3217967697245));
#3110=CARTESIAN_POINT('Origin',(-41.2390923627309,0.5,14.5717967697245));
#3111=CARTESIAN_POINT('Origin',(-41.2390923627309,0.,14.5717967697245));
#3112=CARTESIAN_POINT('Origin',(-41.8198205656051,0.25,17.0659460169581));
#3113=CARTESIAN_POINT('',(-34.5381304684075,0.,29.1782032302755));
#3114=CARTESIAN_POINT('',(-34.9711431702997,0.5,29.4282032302755));
#3115=CARTESIAN_POINT('',(-34.5381304684075,0.,29.1782032302755));
#3116=CARTESIAN_POINT('',(-42.0363269165512,0.5,17.1909460169581));
#3117=CARTESIAN_POINT('',(-41.603314214659,0.,16.9409460169581));
#3118=CARTESIAN_POINT('Origin',(-33.2390923627309,0.25,28.4282032302755));
#3119=CARTESIAN_POINT('',(-32.4890923627309,0.,29.7272413359522));
#3120=CARTESIAN_POINT('',(-32.2390923627309,0.5,30.1602540378444));
#3121=CARTESIAN_POINT('',(-32.4890923627309,0.,29.7272413359522));
#3122=CARTESIAN_POINT('Origin',(-33.2390923627309,0.5,28.4282032302755));
#3123=CARTESIAN_POINT('Origin',(-33.2390923627309,0.,28.4282032302755));
#3124=CARTESIAN_POINT('Origin',(-10.0812862237606,0.25,17.0787635642636));
#3125=CARTESIAN_POINT('',(-21.6948637286709,0.,23.4951905283833));
#3126=CARTESIAN_POINT('',(-21.4448637286709,0.5,23.9282032302755));
#3127=CARTESIAN_POINT('',(-21.6948637286709,0.,23.4951905283833));
#3128=CARTESIAN_POINT('',(-9.95628622376061,0.5,17.2952699152097));
#3129=CARTESIAN_POINT('',(-10.2062862237606,0.,16.8622572133175));
#3130=CARTESIAN_POINT('Origin',(-20.4448637286709,0.25,25.6602540378444));
#3131=CARTESIAN_POINT('',(-20.4448637286709,0.,23.1602540378444));
#3132=CARTESIAN_POINT('',(-20.4448637286709,0.5,23.6602540378444));
#3133=CARTESIAN_POINT('',(-20.4448637286709,0.,23.1602540378444));
#3134=CARTESIAN_POINT('Origin',(-20.4448637286709,0.5,25.6602540378444));
#3135=CARTESIAN_POINT('Origin',(-20.4448637286709,0.,25.6602540378444));
#3136=CARTESIAN_POINT('Origin',(-10.2224318643355,0.25,23.4102540378444));
#3137=CARTESIAN_POINT('',(20.4448637286709,0.,23.1602540378444));
#3138=CARTESIAN_POINT('',(20.4448637286709,0.5,23.6602540378444));
#3139=CARTESIAN_POINT('',(20.4448637286709,0.,23.1602540378444));
#3140=CARTESIAN_POINT('',(-10.2224318643355,0.5,23.6602540378444));
#3141=CARTESIAN_POINT('',(-10.2224318643355,0.,23.1602540378444));
#3142=CARTESIAN_POINT('Origin',(20.4448637286709,0.25,25.6602540378443));
#3143=CARTESIAN_POINT('',(21.6948637286709,0.,23.4951905283833));
#3144=CARTESIAN_POINT('',(21.4448637286709,0.5,23.9282032302755));
#3145=CARTESIAN_POINT('',(21.6948637286709,0.,23.4951905283833));
#3146=CARTESIAN_POINT('Origin',(20.4448637286709,0.5,25.6602540378443));
#3147=CARTESIAN_POINT('Origin',(20.4448637286709,0.,25.6602540378443));
#3148=CARTESIAN_POINT('Origin',(7.28224811808394,0.25,15.4627381604791));
#3149=CARTESIAN_POINT('',(32.4890923627309,0.,29.7272413359522));
#3150=CARTESIAN_POINT('',(32.2390923627308,0.5,30.1602540378444));
#3151=CARTESIAN_POINT('',(32.4890923627309,0.,29.7272413359522));
#3152=CARTESIAN_POINT('',(7.15724811808394,0.5,15.6792445114252));
#3153=CARTESIAN_POINT('',(7.40724811808394,0.,15.246231809533));
#3154=CARTESIAN_POINT('Origin',(33.2390923627308,0.25,28.4282032302755));
#3155=CARTESIAN_POINT('',(34.5381304684075,0.,29.1782032302755));
#3156=CARTESIAN_POINT('',(34.9711431702997,0.5,29.4282032302755));
#3157=CARTESIAN_POINT('',(34.5381304684075,0.,29.1782032302755));
#3158=CARTESIAN_POINT('Origin',(33.2390923627308,0.5,28.4282032302755));
#3159=CARTESIAN_POINT('Origin',(33.2390923627308,0.,28.4282032302755));
#3160=CARTESIAN_POINT('Origin',(37.8198205656051,0.25,23.9941492472336));
#3161=CARTESIAN_POINT('',(42.5381304684075,0.,15.3217967697245));
#3162=CARTESIAN_POINT('',(42.9711431702997,0.5,15.5717967697245));
#3163=CARTESIAN_POINT('',(42.5381304684075,0.,15.3217967697245));
#3164=CARTESIAN_POINT('',(38.0363269165512,0.5,24.1191492472336));
#3165=CARTESIAN_POINT('',(37.603314214659,0.,23.8691492472336));
#3166=CARTESIAN_POINT('Origin',(41.2390923627308,0.25,14.5717967697245));
#3167=CARTESIAN_POINT('',(41.9890923627309,0.,13.2727586640478));
#3168=CARTESIAN_POINT('',(42.2390923627309,0.5,12.8397459621556));
#3169=CARTESIAN_POINT('',(41.9890923627309,0.,13.2727586640478));
#3170=CARTESIAN_POINT('Origin',(41.2390923627308,0.5,14.5717967697245));
#3171=CARTESIAN_POINT('Origin',(41.2390923627308,0.,14.5717967697245));
#3172=CARTESIAN_POINT('Origin',(19.8312862237606,0.25,0.191268190466992));
#3173=CARTESIAN_POINT('',(31.1948637286709,0.,7.04070785647897));
#3174=CARTESIAN_POINT('',(31.4448637286709,0.5,6.60769515458674));
#3175=CARTESIAN_POINT('',(31.1948637286709,0.,7.04070785647897));
#3176=CARTESIAN_POINT('',(19.9562862237606,0.5,-0.0252381604791175));
#3177=CARTESIAN_POINT('',(19.7062862237606,0.,0.407774541413101));
#3178=CARTESIAN_POINT('Origin',(32.4448637286709,0.25,4.87564434701787));
#3179=CARTESIAN_POINT('Origin',(32.4448637286709,0.5,4.87564434701787));
#3180=CARTESIAN_POINT('Origin',(32.4448637286709,0.,4.87564434701787));
#3181=CARTESIAN_POINT('Origin',(-33.2390923627309,0.,28.4282032302755));
#3182=CARTESIAN_POINT('',(-32.2390923627309,6.,30.1602540378444));
#3183=CARTESIAN_POINT('',(-32.2390923627309,0.,30.1602540378444));
#3184=CARTESIAN_POINT('',(-34.9711431702997,6.,29.4282032302755));
#3185=CARTESIAN_POINT('Origin',(-33.2390923627309,6.,28.4282032302755));
#3186=CARTESIAN_POINT('',(-34.9711431702997,0.,29.4282032302755));
#3187=CARTESIAN_POINT('Origin',(-27.0429399400242,0.,27.1602540378444));
#3188=CARTESIAN_POINT('',(-21.4448637286709,2.4,23.9282032302755));
#3189=CARTESIAN_POINT('',(-21.4448637286709,0.,23.9282032302755));
#3190=CARTESIAN_POINT('',(-9.9562862237606,2.4,17.2952699152097));
#3191=CARTESIAN_POINT('',(-28.3419780457009,6.,27.9102540378444));
#3192=CARTESIAN_POINT('',(-27.4637402849728,3.5,27.4032032302755));
#3193=CARTESIAN_POINT('Origin',(-29.2390923627309,3.5,28.4282032302755));
#3194=CARTESIAN_POINT('Origin',(-20.4448637286709,0.,25.6602540378444));
#3195=CARTESIAN_POINT('',(-20.4448637286709,2.4,23.6602540378444));
#3196=CARTESIAN_POINT('',(-20.4448637286709,0.,23.6602540378444));
#3197=CARTESIAN_POINT('Origin',(-20.4448637286709,2.4,25.6602540378444));
#3198=CARTESIAN_POINT('Origin',(-20.4448637286709,0.,23.6602540378444));
#3199=CARTESIAN_POINT('',(20.4448637286709,2.4,23.6602540378444));
#3200=CARTESIAN_POINT('',(20.4448637286709,0.,23.6602540378444));
#3201=CARTESIAN_POINT('',(-10.2224318643355,2.4,23.6602540378444));
#3202=CARTESIAN_POINT('Origin',(20.4448637286709,0.,25.6602540378443));
#3203=CARTESIAN_POINT('',(21.4448637286709,2.4,23.9282032302755));
#3204=CARTESIAN_POINT('',(21.4448637286709,0.,23.9282032302755));
#3205=CARTESIAN_POINT('Origin',(20.4448637286709,2.4,25.6602540378443));
#3206=CARTESIAN_POINT('Origin',(21.4448637286709,0.,23.9282032302755));
#3207=CARTESIAN_POINT('',(32.2390923627308,6.,30.1602540378444));
#3208=CARTESIAN_POINT('',(32.2390923627308,0.,30.1602540378444));
#3209=CARTESIAN_POINT('',(25.5429399400242,6.,26.29422863406));
#3210=CARTESIAN_POINT('',(7.15724811808394,2.4,15.6792445114252));
#3211=CARTESIAN_POINT('',(27.4637402849728,3.5,27.4032032302755));
#3212=CARTESIAN_POINT('Origin',(29.2390923627309,3.5,28.4282032302755));
#3213=CARTESIAN_POINT('Origin',(33.2390923627308,0.,28.4282032302755));
#3214=CARTESIAN_POINT('',(34.9711431702997,6.,29.4282032302755));
#3215=CARTESIAN_POINT('',(34.9711431702997,0.,29.4282032302755));
#3216=CARTESIAN_POINT('Origin',(33.2390923627308,6.,28.4282032302755));
#3217=CARTESIAN_POINT('Origin',(34.9711431702997,0.,29.4282032302755));
#3218=CARTESIAN_POINT('',(42.9711431702997,6.,15.5717967697245));
#3219=CARTESIAN_POINT('',(42.9711431702997,0.,15.5717967697245));
#3220=CARTESIAN_POINT('',(36.9711431702997,6.,25.9641016151378));
#3221=CARTESIAN_POINT('Origin',(41.2390923627308,0.,14.5717967697245));
#3222=CARTESIAN_POINT('',(42.2390923627309,6.,12.8397459621556));
#3223=CARTESIAN_POINT('',(42.2390923627309,0.,12.8397459621556));
#3224=CARTESIAN_POINT('Origin',(41.2390923627308,6.,14.5717967697245));
#3225=CARTESIAN_POINT('Origin',(37.0429399400242,0.,9.83974596215563));
#3226=CARTESIAN_POINT('',(31.4448637286709,2.4,6.60769515458674));
#3227=CARTESIAN_POINT('',(31.4448637286709,0.,6.60769515458674));
#3228=CARTESIAN_POINT('',(19.9562862237606,2.4,-0.0252381604791176));
#3229=CARTESIAN_POINT('',(38.3419780457009,6.,10.5897459621556));
#3230=CARTESIAN_POINT('',(37.4637402849728,3.5,10.0826951545868));
#3231=CARTESIAN_POINT('Origin',(39.2390923627309,3.5,11.1076951545868));
#3232=CARTESIAN_POINT('Origin',(32.4448637286709,0.,4.87564434701787));
#3233=CARTESIAN_POINT('',(30.712812921102,2.4,5.87564434701787));
#3234=CARTESIAN_POINT('',(30.712812921102,0.,5.87564434701787));
#3235=CARTESIAN_POINT('Origin',(32.4448637286709,2.4,4.87564434701787));
#3236=CARTESIAN_POINT('Origin',(30.712812921102,0.,5.87564434701787));
#3237=CARTESIAN_POINT('',(10.2679491924311,2.4,-29.5358983848623));
#3238=CARTESIAN_POINT('',(10.2679491924311,0.,-29.5358983848623));
#3239=CARTESIAN_POINT('',(24.5364132426828,2.4,-4.82219370385634));
#3240=CARTESIAN_POINT('Origin',(-4.44089209850063E-15,0.,-4.9198729810778));
#3241=CARTESIAN_POINT('',(-2.1,0.,-15.));
#3242=CARTESIAN_POINT('Origin',(0.,0.,-15.));
#3243=CARTESIAN_POINT('',(10.8903810567666,0.,7.50000000000001));
#3244=CARTESIAN_POINT('Origin',(12.9903810567666,0.,7.50000000000001));
#3245=CARTESIAN_POINT('',(-15.0903810567666,0.,7.5));
#3246=CARTESIAN_POINT('Origin',(-12.9903810567666,0.,7.5));
#3247=CARTESIAN_POINT('',(-1.60000000000001,0.,15.));
#3248=CARTESIAN_POINT('Origin',(-1.11022302462516E-14,0.,15.));
#3249=CARTESIAN_POINT('',(11.3903810567666,0.,-7.5));
#3250=CARTESIAN_POINT('Origin',(12.9903810567666,0.,-7.5));
#3251=CARTESIAN_POINT('',(-14.5903810567666,0.,-7.50000000000001));
#3252=CARTESIAN_POINT('Origin',(-12.9903810567666,0.,-7.50000000000001));
#3253=CARTESIAN_POINT('',(-5.,0.,6.12323399573677E-16));
#3254=CARTESIAN_POINT('Origin',(0.,0.,0.));
#3255=CARTESIAN_POINT('Origin',(0.,5.75,0.));
#3256=CARTESIAN_POINT('',(-20.5,6.,-2.51052593825207E-15));
#3257=CARTESIAN_POINT('Origin',(0.,6.,0.));
#3258=CARTESIAN_POINT('',(-21.,5.5,2.57175827820944E-15));
#3259=CARTESIAN_POINT('',(-20.75,5.75,2.54114210823076E-15));
#3260=CARTESIAN_POINT('',(21.,5.5,-2.57175827820944E-15));
#3261=CARTESIAN_POINT('Origin',(0.,5.5,0.));
#3262=CARTESIAN_POINT('Origin',(0.,5.5,0.));
#3263=CARTESIAN_POINT('Origin',(0.,0.,0.));
#3264=CARTESIAN_POINT('',(21.,3.6,-2.57175827820944E-15));
#3265=CARTESIAN_POINT('',(21.,0.,-2.57175827820944E-15));
#3266=CARTESIAN_POINT('',(-21.,3.6,-2.57175827820944E-15));
#3267=CARTESIAN_POINT('Origin',(0.,3.6,0.));
#3268=CARTESIAN_POINT('Origin',(0.,3.6,0.));
#3269=CARTESIAN_POINT('Origin',(0.,6.,0.));
#3270=CARTESIAN_POINT('',(-5.,6.,6.12323399573677E-16));
#3271=CARTESIAN_POINT('Origin',(0.,6.,0.));
#3272=CARTESIAN_POINT('',(-14.5903810567666,6.,-7.50000000000001));
#3273=CARTESIAN_POINT('Origin',(-12.9903810567666,6.,-7.50000000000001));
#3274=CARTESIAN_POINT('',(11.3903810567666,6.,-7.5));
#3275=CARTESIAN_POINT('Origin',(12.9903810567666,6.,-7.5));
#3276=CARTESIAN_POINT('',(-1.60000000000001,6.,15.));
#3277=CARTESIAN_POINT('Origin',(-1.11022302462516E-14,6.,15.));
#3278=CARTESIAN_POINT('',(-15.0903810567666,6.,7.5));
#3279=CARTESIAN_POINT('Origin',(-12.9903810567666,6.,7.5));
#3280=CARTESIAN_POINT('',(10.8903810567666,6.,7.50000000000001));
#3281=CARTESIAN_POINT('Origin',(12.9903810567666,6.,7.50000000000001));
#3282=CARTESIAN_POINT('',(-2.1,6.,-15.));
#3283=CARTESIAN_POINT('Origin',(0.,6.,-15.));
#3284=CARTESIAN_POINT('Origin',(-10.1062862237606,2.7,17.0354622940743));
#3285=CARTESIAN_POINT('',(-21.7448637286709,3.,23.4085879880048));
#3286=CARTESIAN_POINT('',(-21.4448637286709,2.4,23.9282032302755));
#3287=CARTESIAN_POINT('',(-10.2562862237606,3.,16.775654672939));
#3288=CARTESIAN_POINT('Origin',(-20.4448637286709,2.7,25.6602540378444));
#3289=CARTESIAN_POINT('',(-20.4448637286709,3.,23.0602540378444));
#3290=CARTESIAN_POINT('',(-20.4448637286709,2.4,23.6602540378444));
#3291=CARTESIAN_POINT('Origin',(-20.4448637286709,3.,25.6602540378444));
#3292=CARTESIAN_POINT('Origin',(-10.2224318643355,2.7,23.3602540378444));
#3293=CARTESIAN_POINT('',(20.4448637286709,3.,23.0602540378444));
#3294=CARTESIAN_POINT('',(20.4448637286709,2.4,23.6602540378444));
#3295=CARTESIAN_POINT('',(-10.2224318643355,3.,23.0602540378444));
#3296=CARTESIAN_POINT('Origin',(20.4448637286709,2.7,25.6602540378443));
#3297=CARTESIAN_POINT('',(21.7448637286709,3.,23.4085879880049));
#3298=CARTESIAN_POINT('',(21.4448637286709,2.4,23.9282032302755));
#3299=CARTESIAN_POINT('Origin',(20.4448637286709,3.,25.6602540378443));
#3300=CARTESIAN_POINT('Origin',(7.30724811808394,2.7,15.4194368902899));
#3301=CARTESIAN_POINT('',(7.45724811808394,3.,15.1596292691545));
#3302=CARTESIAN_POINT('Origin',(-9.7,2.7,-20.9599364905389));
#3303=CARTESIAN_POINT('',(-9.99999999999998,2.4,-30.5358983848623));
#3304=CARTESIAN_POINT('',(-10.,2.4,-20.9599364905389));
#3305=CARTESIAN_POINT('',(-9.39999999999998,3.,-30.5358983848623));
#3306=CARTESIAN_POINT('',(-9.99999999999998,2.4,-30.5358983848623));
#3307=CARTESIAN_POINT('',(-9.4,3.,-20.9599364905389));
#3308=CARTESIAN_POINT('Origin',(-12.,2.7,-30.5358983848623));
#3309=CARTESIAN_POINT('',(-10.2679491924311,2.4,-29.5358983848623));
#3310=CARTESIAN_POINT('',(-9.74833395016044,3.,-29.2358983848623));
#3311=CARTESIAN_POINT('',(-10.2679491924311,2.4,-29.5358983848623));
#3312=CARTESIAN_POINT('Origin',(-12.,3.,-30.5358983848623));
#3313=CARTESIAN_POINT('Origin',(-12.,2.4,-30.5358983848623));
#3314=CARTESIAN_POINT('Origin',(-14.054173757212,2.7,-22.3779650697964));
#3315=CARTESIAN_POINT('',(-30.712812921102,2.4,5.87564434701787));
#3316=CARTESIAN_POINT('',(-30.1931976788314,3.,6.17564434701787));
#3317=CARTESIAN_POINT('',(-30.712812921102,2.4,5.87564434701787));
#3318=CARTESIAN_POINT('',(-13.7943661360767,3.,-22.2279650697964));
#3319=CARTESIAN_POINT('',(-14.3139813783473,2.4,-22.5279650697964));
#3320=CARTESIAN_POINT('Origin',(-32.4448637286709,2.7,4.87564434701788));
#3321=CARTESIAN_POINT('',(-31.4448637286709,2.4,6.60769515458674));
#3322=CARTESIAN_POINT('',(-31.1448637286709,3.,7.12731039685741));
#3323=CARTESIAN_POINT('',(-31.4448637286709,2.4,6.60769515458674));
#3324=CARTESIAN_POINT('Origin',(-32.4448637286709,3.,4.87564434701788));
#3325=CARTESIAN_POINT('Origin',(-32.4448637286709,2.4,4.87564434701788));
#3326=CARTESIAN_POINT('Origin',(-17.0072481180839,2.7,-1.3814559431282));
#3327=CARTESIAN_POINT('',(-16.8572481180839,3.,-1.12164832199287));
#3328=CARTESIAN_POINT('',(-17.1572481180839,2.4,-1.64126356426353));
#3329=CARTESIAN_POINT('Origin',(-31.4448637286709,0.,6.60769515458674));
#3330=CARTESIAN_POINT('',(-42.2390923627309,6.,12.8397459621556));
#3331=CARTESIAN_POINT('',(-42.2390923627309,0.,12.8397459621556));
#3332=CARTESIAN_POINT('',(-35.5429399400242,6.,8.97372055837117));
#3333=CARTESIAN_POINT('',(-31.4448637286709,0.,6.60769515458674));
#3334=CARTESIAN_POINT('',(-37.4637402849728,3.5,10.0826951545867));
#3335=CARTESIAN_POINT('Origin',(-39.2390923627309,3.5,11.1076951545867));
#3336=CARTESIAN_POINT('Origin',(-32.4448637286709,0.,4.87564434701788));
#3337=CARTESIAN_POINT('',(-30.712812921102,0.,5.87564434701787));
#3338=CARTESIAN_POINT('Origin',(-10.2679491924311,0.,-29.5358983848623));
#3339=CARTESIAN_POINT('',(-10.2679491924311,0.,-29.5358983848623));
#3340=CARTESIAN_POINT('Origin',(-12.,0.,-30.5358983848623));
#3341=CARTESIAN_POINT('',(-9.99999999999998,0.,-30.5358983848623));
#3342=CARTESIAN_POINT('Origin',(-9.99999999999997,0.,-37.));
#3343=CARTESIAN_POINT('',(-10.,6.,-43.));
#3344=CARTESIAN_POINT('',(-9.99999999999997,6.,-38.5));
#3345=CARTESIAN_POINT('',(-10.,0.,-43.));
#3346=CARTESIAN_POINT('',(-9.99999999999997,3.5,-37.4858983848623));
#3347=CARTESIAN_POINT('Origin',(-9.99999999999996,3.5,-39.5358983848623));
#3348=CARTESIAN_POINT('Origin',(19.8062862237606,2.7,0.234569460656214));
#3349=CARTESIAN_POINT('',(31.1448637286709,3.,7.12731039685741));
#3350=CARTESIAN_POINT('',(31.4448637286709,2.4,6.60769515458674));
#3351=CARTESIAN_POINT('',(19.6562862237606,3.,0.494377081791547));
#3352=CARTESIAN_POINT('Origin',(32.4448637286709,2.7,4.87564434701787));
#3353=CARTESIAN_POINT('',(30.1931976788314,3.,6.17564434701787));
#3354=CARTESIAN_POINT('',(30.712812921102,2.4,5.87564434701787));
#3355=CARTESIAN_POINT('Origin',(32.4448637286709,3.,4.87564434701787));
#3356=CARTESIAN_POINT('Origin',(24.2766056215475,2.7,-4.67219370385634));
#3357=CARTESIAN_POINT('',(9.74833395016046,3.,-29.2358983848622));
#3358=CARTESIAN_POINT('',(10.2679491924311,2.4,-29.5358983848623));
#3359=CARTESIAN_POINT('',(24.0167980004121,3.,-4.52219370385633));
#3360=CARTESIAN_POINT('Origin',(12.,2.7,-30.5358983848622));
#3361=CARTESIAN_POINT('',(10.,2.4,-30.5358983848623));
#3362=CARTESIAN_POINT('',(9.40000000000001,3.,-30.5358983848623));
#3363=CARTESIAN_POINT('',(10.,2.4,-30.5358983848623));
#3364=CARTESIAN_POINT('Origin',(12.,3.,-30.5358983848622));
#3365=CARTESIAN_POINT('Origin',(12.,2.4,-30.5358983848622));
#3366=CARTESIAN_POINT('Origin',(9.69999999999999,2.7,-17.72788568297));
#3367=CARTESIAN_POINT('',(9.39999999999999,3.,-17.72788568297));
#3368=CARTESIAN_POINT('',(9.99999999999999,2.4,-17.72788568297));
#3369=CARTESIAN_POINT('Origin',(10.,0.,-30.5358983848623));
#3370=CARTESIAN_POINT('',(10.,6.,-43.));
#3371=CARTESIAN_POINT('',(10.,0.,-43.));
#3372=CARTESIAN_POINT('',(10.,6.,-35.2679491924311));
#3373=CARTESIAN_POINT('',(10.,0.,-30.5358983848623));
#3374=CARTESIAN_POINT('',(10.,3.5,-37.4858983848622));
#3375=CARTESIAN_POINT('Origin',(10.,3.5,-39.5358983848623));
#3376=CARTESIAN_POINT('Origin',(12.,0.,-30.5358983848622));
#3377=CARTESIAN_POINT('Origin',(0.,3.3,0.));
#3378=CARTESIAN_POINT('',(-21.6,3.,2.64523708615828E-15));
#3379=CARTESIAN_POINT('Origin',(0.,3.,0.));
#3380=CARTESIAN_POINT('',(-21.3,3.3,-2.60849768218386E-15));
#3381=CARTESIAN_POINT('Origin',(-4.44089209850063E-15,3.,-4.9198729810778));
#3382=CARTESIAN_POINT('Origin',(29.2390923627308,3.5,28.4282032302756));
#3383=CARTESIAN_POINT('',(27.4637402849727,3.5,27.4032032302756));
#3384=CARTESIAN_POINT('Origin',(-39.2390923627309,3.5,11.1076951545867));
#3385=CARTESIAN_POINT('',(-37.4637402849728,3.5,10.0826951545867));
#3386=CARTESIAN_POINT('Origin',(10.,3.5,-39.5358983848623));
#3387=CARTESIAN_POINT('',(10.,3.5,-37.4858983848622));
#3388=CARTESIAN_POINT('Origin',(-28.8419780457009,7.,27.0442286340599));
#3389=CARTESIAN_POINT('',(-28.0429399400242,8.,25.4282032302755));
#3390=CARTESIAN_POINT('',(-27.0429399400242,6.,27.1602540378444));
#3391=CARTESIAN_POINT('',(-33.2390923627309,8.,28.4282032302755));
#3392=CARTESIAN_POINT('',(-29.3419780457009,8.,26.1782032302755));
#3393=CARTESIAN_POINT('',(-33.2390923627309,8.,28.4282032302755));
#3394=CARTESIAN_POINT('Origin',(-29.1769145362398,7.,21.4641016151377));
#3395=CARTESIAN_POINT('',(-36.0429399400242,8.,11.5717967697245));
#3396=CARTESIAN_POINT('',(-34.3108891324554,6.,10.5717967697245));
#3397=CARTESIAN_POINT('',(-30.0429399400242,8.,21.9641016151377));
#3398=CARTESIAN_POINT('',(-28.0429399400242,8.,25.4282032302755));
#3399=CARTESIAN_POINT('Origin',(-28.0429399400242,6.,25.4282032302755));
#3400=CARTESIAN_POINT('Origin',(-35.0429399400242,7.,9.83974596215561));
#3401=CARTESIAN_POINT('',(-41.2390923627309,8.,14.5717967697245));
#3402=CARTESIAN_POINT('',(-42.2390923627309,6.,12.8397459621556));
#3403=CARTESIAN_POINT('',(-34.5429399400242,8.,10.70577136594));
#3404=CARTESIAN_POINT('',(-36.0429399400242,8.,11.5717967697245));
#3405=CARTESIAN_POINT('Origin',(-36.0429399400242,6.,11.5717967697245));
#3406=CARTESIAN_POINT('Origin',(-40.1051177665153,7.,18.5358983848622));
#3407=CARTESIAN_POINT('',(-34.9711431702997,6.,29.4282032302755));
#3408=CARTESIAN_POINT('',(-39.2390923627309,8.,18.0358983848622));
#3409=CARTESIAN_POINT('',(-42.9711431702997,6.,15.5717967697245));
#3410=CARTESIAN_POINT('',(-41.2390923627309,8.,14.5717967697245));
#3411=CARTESIAN_POINT('',(-40.9711431702997,6.,19.0358983848622));
#3412=CARTESIAN_POINT('Origin',(-41.2390923627309,6.,14.5717967697245));
#3413=CARTESIAN_POINT('Origin',(-41.2390923627309,6.,14.5717967697245));
#3414=CARTESIAN_POINT('Origin',(-33.2390923627309,6.,28.4282032302755));
#3415=CARTESIAN_POINT('Origin',(-42.9711431702997,0.,15.5717967697245));
#3416=CARTESIAN_POINT('',(-42.9711431702997,0.,15.5717967697245));
#3417=CARTESIAN_POINT('Origin',(-34.6410161513775,8.,20.));
#3418=CARTESIAN_POINT('Origin',(9.00000000000001,7.,-35.2679491924311));
#3419=CARTESIAN_POINT('',(8.00000000000001,8.,-43.));
#3420=CARTESIAN_POINT('',(10.,6.,-43.));
#3421=CARTESIAN_POINT('',(8.,8.,-37.));
#3422=CARTESIAN_POINT('',(7.99999999999999,8.,-35.2679491924311));
#3423=CARTESIAN_POINT('',(7.99999999999999,8.,-37.));
#3424=CARTESIAN_POINT('Origin',(4.,7.,-44.));
#3425=CARTESIAN_POINT('',(-8.,6.,-45.));
#3426=CARTESIAN_POINT('',(-8.,8.,-43.));
#3427=CARTESIAN_POINT('',(-8.,6.,-45.));
#3428=CARTESIAN_POINT('',(4.,8.,-43.));
#3429=CARTESIAN_POINT('',(8.,6.,-45.));
#3430=CARTESIAN_POINT('',(8.,8.,-43.));
#3431=CARTESIAN_POINT('',(4.,6.,-45.));
#3432=CARTESIAN_POINT('Origin',(7.99999999999999,6.,-43.));
#3433=CARTESIAN_POINT('Origin',(7.99999999999999,6.,-43.));
#3434=CARTESIAN_POINT('Origin',(-8.99999999999998,7.,-38.5));
#3435=CARTESIAN_POINT('',(-8.,8.,-37.));
#3436=CARTESIAN_POINT('',(-10.,6.,-37.));
#3437=CARTESIAN_POINT('',(-8.,8.,-38.5));
#3438=CARTESIAN_POINT('',(-7.99999999999999,8.,-43.));
#3439=CARTESIAN_POINT('Origin',(-7.99999999999999,6.,-43.));
#3440=CARTESIAN_POINT('Origin',(-7.99999999999999,6.,-43.));
#3441=CARTESIAN_POINT('Origin',(-4.,7.,-36.));
#3442=CARTESIAN_POINT('',(8.,6.,-35.));
#3443=CARTESIAN_POINT('',(-4.,8.,-37.));
#3444=CARTESIAN_POINT('',(-8.,8.,-37.));
#3445=CARTESIAN_POINT('Origin',(-8.,6.,-37.));
#3446=CARTESIAN_POINT('Origin',(8.,6.,-37.));
#3447=CARTESIAN_POINT('Origin',(7.99999999999999,0.,-43.));
#3448=CARTESIAN_POINT('',(8.,0.,-45.));
#3449=CARTESIAN_POINT('Origin',(5.55111512312578E-16,8.,-40.));
#3450=CARTESIAN_POINT('Origin',(26.0429399400242,7.,25.4282032302755));
#3451=CARTESIAN_POINT('',(33.2390923627308,8.,28.4282032302755));
#3452=CARTESIAN_POINT('',(32.2390923627308,6.,30.1602540378444));
#3453=CARTESIAN_POINT('',(28.0429399400242,8.,25.4282032302755));
#3454=CARTESIAN_POINT('',(26.5429399400242,8.,24.5621778264911));
#3455=CARTESIAN_POINT('',(28.0429399400242,8.,25.4282032302755));
#3456=CARTESIAN_POINT('Origin',(36.1051177665153,7.,25.4641016151378));
#3457=CARTESIAN_POINT('',(41.2390923627309,8.,14.5717967697245));
#3458=CARTESIAN_POINT('',(42.9711431702997,6.,15.5717967697245));
#3459=CARTESIAN_POINT('',(35.2390923627309,8.,24.9641016151378));
#3460=CARTESIAN_POINT('',(33.2390923627308,8.,28.4282032302755));
#3461=CARTESIAN_POINT('Origin',(33.2390923627308,6.,28.4282032302755));
#3462=CARTESIAN_POINT('Origin',(37.8419780457009,7.,11.4557713659401));
#3463=CARTESIAN_POINT('',(36.0429399400242,8.,11.5717967697245));
#3464=CARTESIAN_POINT('',(37.0429399400242,6.,9.83974596215563));
#3465=CARTESIAN_POINT('',(37.3419780457009,8.,12.3217967697245));
#3466=CARTESIAN_POINT('',(41.2390923627309,8.,14.5717967697245));
#3467=CARTESIAN_POINT('Origin',(41.2390923627308,6.,14.5717967697245));
#3468=CARTESIAN_POINT('Origin',(33.1769145362398,7.,14.5358983848623));
#3469=CARTESIAN_POINT('',(26.3108891324553,6.,24.4282032302755));
#3470=CARTESIAN_POINT('',(34.0429399400242,8.,15.0358983848623));
#3471=CARTESIAN_POINT('',(36.0429399400242,8.,11.5717967697245));
#3472=CARTESIAN_POINT('Origin',(36.0429399400242,6.,11.5717967697245));
#3473=CARTESIAN_POINT('Origin',(28.0429399400242,6.,25.4282032302755));
#3474=CARTESIAN_POINT('Origin',(34.6410161513775,8.,20.));
#3475=CARTESIAN_POINT('Origin',(-41.2390923627309,0.,14.5717967697245));
#3476=CARTESIAN_POINT('Origin',(-7.99999999999999,0.,-43.));
#3477=CARTESIAN_POINT('',(-8.,0.,-45.));
#3478=CARTESIAN_POINT('Origin',(8.,0.,-45.));
#3479=CARTESIAN_POINT('Origin',(0.,0.,0.));
#3480=CARTESIAN_POINT('',(-5.,0.,6.12323399573677E-16));
#3481=CARTESIAN_POINT('Origin',(-12.9903810567666,0.,-7.50000000000001));
#3482=CARTESIAN_POINT('',(-14.5903810567666,0.,-7.50000000000001));
#3483=CARTESIAN_POINT('Origin',(12.9903810567666,0.,-7.5));
#3484=CARTESIAN_POINT('',(11.3903810567666,0.,-7.5));
#3485=CARTESIAN_POINT('Origin',(-1.11022302462516E-14,0.,15.));
#3486=CARTESIAN_POINT('',(-1.60000000000001,0.,15.));
#3487=CARTESIAN_POINT('Origin',(-12.9903810567666,0.,7.5));
#3488=CARTESIAN_POINT('',(-15.0903810567666,0.,7.5));
#3489=CARTESIAN_POINT('Origin',(12.9903810567666,0.,7.50000000000001));
#3490=CARTESIAN_POINT('',(10.8903810567666,0.,7.50000000000001));
#3491=CARTESIAN_POINT('Origin',(0.,0.,-15.));
#3492=CARTESIAN_POINT('',(-2.1,0.,-15.));
#3493=CARTESIAN_POINT('',(0.,6.,0.));
#3494=UNCERTAINTY_MEASURE_WITH_UNIT(LENGTH_MEASURE(0.01),#3498,
'DISTANCE_ACCURACY_VALUE',
'Maximum model space distance between geometric entities at asserted c
onnectivities');
#3495=UNCERTAINTY_MEASURE_WITH_UNIT(LENGTH_MEASURE(0.01),#3498,
'DISTANCE_ACCURACY_VALUE',
'Maximum model space distance between geometric entities at asserted c
onnectivities');
#3496=(
GEOMETRIC_REPRESENTATION_CONTEXT(3)
GLOBAL_UNCERTAINTY_ASSIGNED_CONTEXT((#3494))
GLOBAL_UNIT_ASSIGNED_CONTEXT((#3498,#3500,#3501))
REPRESENTATION_CONTEXT('','3D')
);
#3497=(
GEOMETRIC_REPRESENTATION_CONTEXT(3)
GLOBAL_UNCERTAINTY_ASSIGNED_CONTEXT((#3495))
GLOBAL_UNIT_ASSIGNED_CONTEXT((#3498,#3500,#3501))
REPRESENTATION_CONTEXT('','3D')
);
#3498=(
LENGTH_UNIT()
NAMED_UNIT(*)
SI_UNIT(.MILLI.,.METRE.)
);
#3499=(
LENGTH_UNIT()
NAMED_UNIT(*)
SI_UNIT(.CENTI.,.METRE.)
);
#3500=(
NAMED_UNIT(*)
PLANE_ANGLE_UNIT()
SI_UNIT($,.RADIAN.)
);
#3501=(
NAMED_UNIT(*)
SI_UNIT($,.STERADIAN.)
SOLID_ANGLE_UNIT()
);
#3502=SHAPE_DEFINITION_REPRESENTATION(#3503,#3504);
#3503=PRODUCT_DEFINITION_SHAPE('',$,#3506);
#3504=SHAPE_REPRESENTATION('',(#2069),#3496);
#3505=PRODUCT_DEFINITION_CONTEXT('part definition',#3510,'design');
#3506=PRODUCT_DEFINITION('Base_E','Base_E',#3507,#3505);
#3507=PRODUCT_DEFINITION_FORMATION('',$,#3512);
#3508=PRODUCT_RELATED_PRODUCT_CATEGORY('Base_E','Base_E',(#3512));
#3509=APPLICATION_PROTOCOL_DEFINITION('international standard',
'automotive_design',2009,#3510);
#3510=APPLICATION_CONTEXT(
'Core Data for Automotive Mechanical Design Process');
#3511=PRODUCT_CONTEXT('part definition',#3510,'mechanical');
#3512=PRODUCT('Base_E','Base_E',$,(#3511));
#3513=PRESENTATION_STYLE_ASSIGNMENT((#3515));
#3514=PRESENTATION_STYLE_ASSIGNMENT((#3516));
#3515=SURFACE_STYLE_USAGE(.BOTH.,#3519);
#3516=SURFACE_STYLE_USAGE(.BOTH.,#3520);
#3517=SURFACE_STYLE_RENDERING_WITH_PROPERTIES($,#3527,(#3518));
#3518=SURFACE_STYLE_TRANSPARENT(0.);
#3519=SURFACE_SIDE_STYLE('',(#3521,#3517));
#3520=SURFACE_SIDE_STYLE('',(#3522));
#3521=SURFACE_STYLE_FILL_AREA(#3523);
#3522=SURFACE_STYLE_FILL_AREA(#3524);
#3523=FILL_AREA_STYLE('',(#3525));
#3524=FILL_AREA_STYLE('',(#3526));
#3525=FILL_AREA_STYLE_COLOUR('',#3527);
#3526=FILL_AREA_STYLE_COLOUR('',#3528);
#3527=COLOUR_RGB('',0.749019607843137,0.749019607843137,0.749019607843137);
#3528=COLOUR_RGB('',1.,1.,0.);
ENDSEC;
END-ISO-10303-21;
